appointment_id,patient_id,department_id,scheduled_date,status
1,443,1520,2026-08-21,Completed
2,822,1554,2026-01-13,Completed
3,107,626,2026-04-11,Completed
4,812,1640,2026-04-12,Completed
5,18,545,2026-04-05,Scheduled
6,1497,435,2026-05-16,No-show
7,180,1711,2026-06-15,Completed
8,545,828,2026-08-03,Scheduled
9,1117,441,2026-05-31,Scheduled
10,444,193,2026-05-31,Scheduled
11,243,1385,2026-02-12,Scheduled
12,486,1789,2026-06-13,Scheduled
13,748,1511,2026-02-04,Scheduled
14,538,1722,2026-03-28,Completed
15,410,423,2026-07-16,Cancelled
16,760,885,2026-05-26,Completed
17,1224,781,2026-04-04,Completed
18,230,1548,2026-05-28,Completed
19,383,1155,2026-04-11,Scheduled
20,1277,1559,2026-07-03,Completed
21,89,617,2026-02-04,No-show
22,950,965,2026-03-31,No-show
23,1010,694,2026-08-28,Completed
24,659,287,2026-03-07,No-show
25,1291,1548,2026-06-01,Cancelled
26,90,1365,2026-03-23,Completed
27,1141,1496,2026-06-04,Completed
28,585,1180,2026-08-25,Completed
29,1053,966,2026-01-24,Scheduled
30,34,1221,2026-06-11,Completed
31,1472,1317,2026-05-21,Completed
32,713,573,2026-06-11,Completed
33,433,1042,2026-03-14,No-show
34,580,1010,2026-07-15,Completed
35,832,737,2026-02-10,No-show
36,1223,1654,2026-07-23,Completed
37,306,942,2026-02-01,Completed
38,1014,1691,2026-01-14,Completed
39,835,780,2026-04-08,Scheduled
40,837,1437,2026-01-27,No-show
41,286,43,2026-03-21,Completed
42,63,384,2026-04-25,Scheduled
43,920,371,2026-08-10,Completed
44,864,1576,2026-08-19,Cancelled
45,33,996,2026-02-03,Completed
46,129,369,2026-04-04,Completed
47,56,62,2026-01-19,Completed
48,408,1473,2026-06-24,Scheduled
49,904,1270,2026-02-28,Completed
50,1301,811,2026-01-24,Completed
51,193,519,2026-03-22,Completed
52,711,265,2026-05-15,Completed
53,127,198,2026-04-06,Scheduled
54,524,487,2026-03-19,Scheduled
55,503,409,2026-06-01,Completed
56,906,1721,2026-05-26,Completed
57,1454,1087,2026-04-07,Cancelled
58,1499,1385,2026-07-10,Completed
59,199,1737,2026-06-24,No-show
60,1423,528,2026-08-29,Cancelled
61,958,392,2026-05-30,Scheduled
62,1481,920,2026-04-28,Scheduled
63,164,1363,2026-07-14,Completed
64,1075,1134,2026-06-13,Completed
65,815,251,2026-04-22,Cancelled
66,616,1628,2026-08-05,Completed
67,1190,63,2026-02-24,Completed
68,796,820,2026-08-15,Scheduled
69,482,1558,2026-02-19,No-show
70,1462,1659,2026-06-05,Completed
71,1285,1411,2026-06-21,Completed
72,811,1552,2026-05-21,Cancelled
73,767,865,2026-06-25,Completed
74,381,135,2026-03-04,Cancelled
75,1422,1202,2026-05-03,No-show
76,1498,1347,2026-01-23,Completed
77,501,31,2026-08-08,Scheduled
78,1316,1276,2026-01-26,Completed
79,336,835,2026-01-07,Completed
80,886,1117,2026-05-06,Completed
81,389,366,2026-08-06,No-show
82,1414,952,2026-06-30,Completed
83,982,1654,2026-02-24,Completed
84,273,1572,2026-02-23,Completed
85,830,870,2026-03-16,Completed
86,382,1582,2026-08-11,Completed
87,274,1836,2026-03-24,Completed
88,336,1509,2026-07-28,Completed
89,943,617,2026-04-07,Completed
90,1216,439,2026-06-17,Completed
91,339,1491,2026-04-23,Completed
92,485,1365,2026-06-09,Cancelled
93,327,1592,2026-02-27,Completed
94,693,941,2026-06-16,Scheduled
95,280,828,2026-03-03,Completed
96,45,1001,2026-05-28,Scheduled
97,1411,62,2026-01-01,Scheduled
98,1264,455,2026-02-18,Completed
99,359,647,2026-05-13,Completed
100,284,453,2026-02-24,Cancelled
101,1014,1085,2026-06-18,Scheduled
102,1211,1094,2026-05-15,Scheduled
103,1246,1132,2026-01-03,Completed
104,990,1634,2026-03-26,No-show
105,173,103,2026-03-26,No-show
106,1414,1457,2026-03-29,Scheduled
107,797,1588,2026-01-15,No-show
108,907,1084,2026-03-24,Completed
109,1413,1653,2026-06-05,Completed
110,414,1331,2026-05-22,Cancelled
111,255,1517,2026-01-08,Scheduled
112,806,45,2026-07-21,Completed
113,504,34,2026-02-24,Completed
114,378,1307,2026-07-18,Completed
115,1281,1365,2026-07-05,Completed
116,263,1223,2026-05-07,Completed
117,957,257,2026-02-25,Completed
118,155,1414,2026-04-17,No-show
119,1037,464,2026-06-29,Cancelled
120,816,527,2026-04-13,Cancelled
121,1496,890,2026-05-03,Scheduled
122,908,1199,2026-01-01,Completed
123,741,1375,2026-01-14,Completed
124,71,260,2026-03-27,Completed
125,348,959,2026-06-09,Completed
126,624,140,2026-02-04,Completed
127,174,545,2026-07-06,No-show
128,1312,1591,2026-05-02,Completed
129,610,756,2026-07-06,Scheduled
130,1016,1238,2026-03-11,Scheduled
131,1328,625,2026-08-11,Completed
132,752,1567,2026-05-10,Completed
133,929,995,2026-04-18,Scheduled
134,1166,1864,2026-08-26,Scheduled
135,881,927,2026-08-01,Completed
136,82,126,2026-03-04,Completed
137,391,659,2026-07-26,Completed
138,731,833,2026-06-12,No-show
139,827,624,2026-08-15,Cancelled
140,538,274,2026-04-16,Completed
141,580,289,2026-05-27,Completed
142,646,1509,2026-06-02,Completed
143,1201,595,2026-02-23,Scheduled
144,446,560,2026-05-31,Completed
145,1169,362,2026-06-23,Completed
146,1177,1183,2026-08-03,Completed
147,569,215,2026-08-04,Cancelled
148,159,1096,2026-03-07,Completed
149,1447,846,2026-05-10,Completed
150,1207,1517,2026-07-09,Completed
151,646,1531,2026-07-28,Completed
152,578,740,2026-06-02,Completed
153,1356,1224,2026-02-23,Scheduled
154,854,394,2026-07-18,No-show
155,608,1066,2026-02-25,Scheduled
156,456,1237,2026-06-01,Completed
157,781,1255,2026-01-26,Scheduled
158,322,288,2026-07-03,Completed
159,1442,1586,2026-08-28,No-show
160,1334,677,2026-01-20,Completed
161,214,1423,2026-03-26,Completed
162,1152,1479,2026-08-27,Completed
163,516,1407,2026-01-05,Scheduled
164,150,1580,2026-02-16,Completed
165,895,450,2026-07-09,Completed
166,335,269,2026-02-05,No-show
167,1212,284,2026-05-16,Completed
168,623,256,2026-08-29,Completed
169,354,1684,2026-07-31,No-show
170,1305,489,2026-02-11,Completed
171,1465,1083,2026-04-29,Completed
172,1426,1814,2026-05-06,Scheduled
173,1052,790,2026-07-18,Completed
174,290,874,2026-08-21,Cancelled
175,420,900,2026-04-26,Completed
176,1119,403,2026-06-16,Completed
177,676,1174,2026-06-18,Completed
178,595,785,2026-01-18,Completed
179,102,1711,2026-04-09,Completed
180,1498,628,2026-02-21,Completed
181,524,1696,2026-05-28,Completed
182,821,531,2026-03-20,Completed
183,1178,290,2026-06-03,Completed
184,556,385,2026-04-11,Scheduled
185,1392,847,2026-03-25,Completed
186,1407,681,2026-04-24,Completed
187,1162,1019,2026-07-18,Completed
188,395,1078,2026-08-15,Completed
189,495,123,2026-01-01,No-show
190,911,1585,2026-02-09,Completed
191,245,1361,2026-01-13,No-show
192,122,1676,2026-05-27,No-show
193,855,1430,2026-01-22,Completed
194,272,1738,2026-01-02,Scheduled
195,661,615,2026-04-02,No-show
196,921,291,2026-06-25,Completed
197,569,1315,2026-03-26,Completed
198,1071,906,2026-04-13,Completed
199,735,1311,2026-08-16,Completed
200,205,1572,2026-02-14,Completed
201,883,1120,2026-03-12,Scheduled
202,108,1445,2026-04-09,Completed
203,692,1713,2026-05-14,Completed
204,850,3,2026-07-26,Completed
205,272,1730,2026-03-16,Completed
206,732,1288,2026-01-19,Completed
207,723,239,2026-03-07,Completed
208,316,541,2026-02-14,No-show
209,620,564,2026-03-08,Scheduled
210,1050,1456,2026-05-31,Completed
211,607,1436,2026-01-02,Scheduled
212,414,898,2026-02-21,Completed
213,1095,178,2026-04-20,Scheduled
214,478,1269,2026-08-03,Completed
215,963,1020,2026-08-11,Scheduled
216,131,843,2026-04-26,Scheduled
217,503,1859,2026-04-15,Completed
218,1275,211,2026-03-18,No-show
219,549,1107,2026-02-09,No-show
220,1050,1375,2026-06-14,Completed
221,356,439,2026-01-12,Completed
222,682,1404,2026-07-07,Scheduled
223,1253,341,2026-07-08,Completed
224,63,1543,2026-06-05,Completed
225,570,1701,2026-07-11,Scheduled
226,552,4,2026-06-21,Completed
227,1196,450,2026-07-17,Completed
228,136,1503,2026-07-30,Completed
229,1222,702,2026-05-05,No-show
230,1180,1288,2026-08-13,Completed
231,559,856,2026-03-28,Cancelled
232,1138,1306,2026-03-10,Scheduled
233,743,1726,2026-04-10,Completed
234,1079,1449,2026-01-04,Completed
235,87,2,2026-04-29,Completed
236,774,605,2026-07-12,Completed
237,613,699,2026-05-11,Cancelled
238,30,696,2026-05-27,Completed
239,1312,1182,2026-06-13,Cancelled
240,1174,231,2026-03-06,Completed
241,690,1774,2026-05-30,No-show
242,1124,348,2026-01-12,Scheduled
243,886,1508,2026-01-01,Completed
244,1264,883,2026-03-06,Completed
245,1333,1469,2026-08-12,No-show
246,91,1163,2026-07-25,Completed
247,185,943,2026-04-01,No-show
248,1230,1047,2026-07-15,Scheduled
249,1067,51,2026-03-13,Completed
250,36,664,2026-04-30,Completed
251,640,1242,2026-02-09,Scheduled
252,198,1217,2026-05-25,Completed
253,1362,525,2026-04-28,Completed
254,1091,435,2026-04-22,Completed
255,1249,1773,2026-04-04,Cancelled
256,233,429,2026-06-18,Completed
257,1052,1289,2026-08-19,Completed
258,548,934,2026-08-21,Completed
259,1478,852,2026-02-10,Completed
260,1026,203,2026-05-14,Completed
261,265,445,2026-08-03,Completed
262,1314,1225,2026-05-14,No-show
263,1427,1363,2026-05-12,No-show
264,567,1071,2026-01-28,Completed
265,326,1524,2026-03-04,Completed
266,451,1394,2026-02-13,Cancelled
267,880,1013,2026-01-08,Completed
268,739,80,2026-07-04,Completed
269,1468,1497,2026-06-09,Completed
270,340,1356,2026-04-28,Completed
271,985,488,2026-03-16,Cancelled
272,430,1124,2026-01-26,No-show
273,909,1356,2026-02-19,Completed
274,787,708,2026-04-14,Completed
275,1210,699,2026-02-24,Completed
276,1316,1064,2026-08-23,Completed
277,761,1375,2026-01-24,Cancelled
278,1085,1402,2026-08-25,No-show
279,185,1628,2026-04-30,Completed
280,307,433,2026-03-17,Completed
281,782,87,2026-07-30,Completed
282,697,1656,2026-05-25,Completed
283,1276,1417,2026-05-21,Completed
284,48,1333,2026-08-27,Completed
285,313,1766,2026-03-02,Scheduled
286,1485,868,2026-02-06,Completed
287,971,1232,2026-01-31,Completed
288,1030,1383,2026-05-29,Scheduled
289,311,1787,2026-08-15,Completed
290,966,1507,2026-06-23,No-show
291,116,722,2026-01-10,Completed
292,878,398,2026-03-22,No-show
293,1464,1584,2026-05-19,Completed
294,918,905,2026-01-15,Completed
295,1131,525,2026-03-13,No-show
296,915,853,2026-05-29,Completed
297,532,1101,2026-01-19,Completed
298,912,620,2026-04-18,Completed
299,643,1512,2026-02-21,Completed
300,159,238,2026-07-29,No-show
301,1116,563,2026-05-19,Completed
302,82,701,2026-08-04,Completed
303,431,57,2026-04-29,Completed
304,723,660,2026-05-30,Scheduled
305,1012,75,2026-06-04,Scheduled
306,1190,988,2026-03-19,Completed
307,1247,979,2026-07-15,Completed
308,800,552,2026-02-12,Completed
309,1127,801,2026-02-23,Completed
310,1128,349,2026-05-12,Completed
311,421,457,2026-05-15,Scheduled
312,319,1317,2026-01-05,Completed
313,817,1440,2026-01-21,Completed
314,1216,1835,2026-04-13,Completed
315,370,105,2026-01-30,Cancelled
316,1368,195,2026-06-04,Scheduled
317,684,1624,2026-07-08,Scheduled
318,1120,1725,2026-01-26,Completed
319,1162,1659,2026-06-15,Completed
320,1072,1747,2026-06-14,Completed
321,1343,357,2026-07-20,Completed
322,1047,1357,2026-07-16,Scheduled
323,55,1590,2026-06-16,No-show
324,15,1255,2026-08-23,Completed
325,1465,1082,2026-07-14,No-show
326,1221,1195,2026-01-10,No-show
327,97,445,2026-04-27,Completed
328,450,1317,2026-05-04,Completed
329,1208,424,2026-05-23,Scheduled
330,1134,431,2026-06-05,No-show
331,459,635,2026-03-12,No-show
332,1048,105,2026-06-19,Cancelled
333,895,332,2026-06-19,Completed
334,931,322,2026-08-24,Scheduled
335,1462,110,2026-03-22,Scheduled
336,1006,1562,2026-03-25,Completed
337,1258,1487,2026-04-16,No-show
338,1495,856,2026-08-10,Completed
339,392,1712,2026-03-28,Completed
340,914,649,2026-01-04,No-show
341,906,1321,2026-03-02,Completed
342,350,272,2026-08-04,No-show
343,447,1524,2026-01-26,Completed
344,697,231,2026-06-11,Scheduled
345,652,1176,2026-04-23,Completed
346,68,503,2026-04-02,Scheduled
347,192,189,2026-05-15,Completed
348,1236,1284,2026-06-22,No-show
349,456,785,2026-05-13,Completed
350,574,1410,2026-03-09,Scheduled
351,753,1806,2026-05-11,Completed
352,215,1010,2026-01-20,Completed
353,632,1781,2026-08-16,Completed
354,106,772,2026-06-16,No-show
355,210,1719,2026-07-12,Completed
356,465,126,2026-06-15,Completed
357,101,529,2026-02-20,Completed
358,910,1685,2026-01-30,Completed
359,806,1612,2026-07-29,Cancelled
360,1094,841,2026-06-04,Scheduled
361,77,723,2026-05-30,Completed
362,923,787,2026-06-08,Completed
363,110,696,2026-08-12,No-show
364,476,993,2026-06-13,Cancelled
365,1286,54,2026-03-10,Completed
366,1050,1134,2026-03-16,Completed
367,969,1787,2026-05-28,No-show
368,51,195,2026-08-23,Completed
369,475,916,2026-07-29,Completed
370,1487,299,2026-08-08,Completed
371,611,1272,2026-07-28,Scheduled
372,885,1823,2026-02-25,Cancelled
373,1256,446,2026-03-23,Completed
374,1022,559,2026-05-10,Completed
375,244,319,2026-04-01,Completed
376,1021,1495,2026-04-04,Completed
377,329,641,2026-06-03,No-show
378,1371,914,2026-02-07,Completed
379,479,1798,2026-01-27,Completed
380,1146,1426,2026-07-18,Completed
381,1456,1077,2026-01-10,Scheduled
382,182,1222,2026-03-26,Completed
383,1445,1865,2026-06-19,Completed
384,336,1633,2026-07-30,Completed
385,359,233,2026-03-18,Scheduled
386,764,605,2026-01-18,Completed
387,1284,1621,2026-07-09,Completed
388,507,1434,2026-05-30,Completed
389,797,1776,2026-01-07,Cancelled
390,425,1353,2026-03-18,Completed
391,788,1217,2026-08-05,Completed
392,522,1619,2026-04-10,Completed
393,251,79,2026-03-30,Completed
394,1173,1860,2026-04-02,Completed
395,1332,1076,2026-01-22,Cancelled
396,998,789,2026-03-10,Completed
397,1249,8,2026-01-30,Completed
398,906,1082,2026-01-01,Completed
399,331,143,2026-08-18,Completed
400,1052,729,2026-06-20,Scheduled
401,1157,526,2026-05-22,Scheduled
402,588,1566,2026-08-17,Cancelled
403,467,1342,2026-07-21,Completed
404,561,475,2026-06-20,Completed
405,1432,1407,2026-08-16,Scheduled
406,1210,1691,2026-03-07,No-show
407,417,1803,2026-06-27,Completed
408,922,1197,2026-03-15,Scheduled
409,264,224,2026-06-01,No-show
410,257,1671,2026-05-18,Completed
411,1361,1726,2026-06-13,Cancelled
412,413,465,2026-07-17,Cancelled
413,311,1324,2026-04-19,Cancelled
414,1300,1195,2026-03-31,Cancelled
415,61,745,2026-05-28,Completed
416,1199,1351,2026-04-09,Completed
417,384,1338,2026-01-30,Completed
418,387,155,2026-04-17,Completed
419,942,574,2026-02-01,Completed
420,774,1031,2026-04-17,Completed
421,160,292,2026-01-01,Scheduled
422,642,1306,2026-07-11,Completed
423,493,1573,2026-03-13,Completed
424,66,669,2026-02-04,Completed
425,263,166,2026-02-04,Completed
426,451,1664,2026-03-10,Completed
427,1115,379,2026-01-11,Scheduled
428,428,1361,2026-07-05,Completed
429,868,411,2026-05-22,Completed
430,863,1735,2026-05-05,Completed
431,34,1615,2026-01-25,Completed
432,927,150,2026-06-07,Scheduled
433,307,397,2026-06-12,Completed
434,827,1312,2026-01-31,Completed
435,56,963,2026-06-07,Completed
436,503,61,2026-07-18,No-show
437,129,1123,2026-04-28,Completed
438,810,1648,2026-08-21,Completed
439,630,687,2026-02-05,No-show
440,772,405,2026-07-28,Scheduled
441,1126,551,2026-04-09,Completed
442,263,1172,2026-04-08,Completed
443,1163,1871,2026-05-30,Completed
444,731,1293,2026-07-08,No-show
445,782,26,2026-08-17,Completed
446,686,578,2026-04-02,Completed
447,324,1502,2026-06-13,Completed
448,1404,1461,2026-04-23,Completed
449,539,1160,2026-07-27,Scheduled
450,1245,717,2026-01-12,Scheduled
451,1122,1847,2026-03-24,Scheduled
452,367,1862,2026-07-10,No-show
453,704,731,2026-01-17,Completed
454,427,310,2026-08-01,Cancelled
455,556,1489,2026-07-19,Completed
456,1400,399,2026-03-07,No-show
457,818,1077,2026-05-04,Scheduled
458,1093,1638,2026-08-22,Completed
459,1173,665,2026-01-01,Completed
460,494,1754,2026-03-01,Scheduled
461,740,1037,2026-03-12,Completed
462,1425,495,2026-01-22,Completed
463,988,1395,2026-03-16,Completed
464,406,1041,2026-02-08,Completed
465,235,1516,2026-03-08,Completed
466,1205,383,2026-04-28,Completed
467,956,1786,2026-05-31,No-show
468,438,1315,2026-01-17,Scheduled
469,1410,1032,2026-01-03,Completed
470,1195,1779,2026-03-24,Completed
471,903,1648,2026-05-07,Completed
472,871,820,2026-01-25,Completed
473,107,1260,2026-06-28,Completed
474,766,1856,2026-05-09,Scheduled
475,205,64,2026-07-05,Completed
476,984,1134,2026-03-04,Scheduled
477,423,384,2026-05-30,Scheduled
478,189,1065,2026-08-29,Scheduled
479,469,1502,2026-04-21,Completed
480,845,1781,2026-02-13,Completed
481,31,696,2026-05-05,Completed
482,159,1318,2026-05-21,Completed
483,93,916,2026-06-07,Completed
484,1293,951,2026-05-15,Completed
485,617,49,2026-02-02,Completed
486,931,1580,2026-08-03,Scheduled
487,1316,924,2026-05-21,Completed
488,5,791,2026-02-06,No-show
489,1185,380,2026-06-18,Completed
490,1478,504,2026-01-19,Completed
491,540,499,2026-02-15,Completed
492,402,1088,2026-01-04,Completed
493,109,263,2026-02-17,Completed
494,379,1808,2026-05-09,Completed
495,687,1179,2026-06-15,Completed
496,687,386,2026-08-21,Completed
497,1383,1710,2026-03-25,No-show
498,283,984,2026-02-13,Completed
499,196,681,2026-01-25,Completed
500,315,110,2026-01-07,Completed
501,984,1721,2026-01-10,Scheduled
502,155,722,2026-03-07,Completed
503,1206,1312,2026-05-25,Scheduled
504,196,154,2026-08-09,Completed
505,512,160,2026-02-22,No-show
506,1064,1592,2026-02-06,Scheduled
507,280,1844,2026-03-13,Scheduled
508,655,574,2026-03-01,No-show
509,1203,887,2026-02-03,Completed
510,361,1771,2026-01-13,Completed
511,287,1818,2026-06-17,Scheduled
512,1359,1450,2026-07-09,Completed
513,95,785,2026-08-06,Scheduled
514,426,126,2026-03-07,Completed
515,429,1039,2026-02-27,Completed
516,395,823,2026-02-28,Completed
517,745,352,2026-02-16,Completed
518,240,1484,2026-07-23,Completed
519,499,729,2026-07-07,Completed
520,688,521,2026-08-02,No-show
521,1392,246,2026-03-14,Completed
522,444,383,2026-03-19,Completed
523,819,723,2026-03-18,Completed
524,611,727,2026-06-06,Completed
525,11,400,2026-02-14,Completed
526,1049,501,2026-04-21,Completed
527,549,828,2026-02-14,Completed
528,1495,1712,2026-07-27,Completed
529,731,687,2026-03-05,Completed
530,930,1293,2026-06-12,Completed
531,1281,1145,2026-08-20,No-show
532,497,1643,2026-03-12,Completed
533,1127,1268,2026-06-13,Completed
534,364,1809,2026-06-09,Completed
535,476,1074,2026-04-02,Completed
536,189,238,2026-03-27,Completed
537,786,762,2026-04-14,Completed
538,681,440,2026-05-25,No-show
539,548,1617,2026-05-05,Completed
540,799,630,2026-02-10,Completed
541,505,1077,2026-08-12,Completed
542,125,739,2026-06-08,No-show
543,853,467,2026-03-18,Scheduled
544,969,176,2026-07-20,Cancelled
545,449,954,2026-03-05,Completed
546,1192,1536,2026-06-28,Completed
547,591,1203,2026-08-13,Completed
548,555,344,2026-08-25,Completed
549,890,11,2026-07-04,Completed
550,478,14,2026-03-28,Completed
551,1189,1473,2026-06-28,Completed
552,836,324,2026-02-02,Completed
553,1181,1350,2026-05-22,No-show
554,512,1644,2026-02-09,Completed
555,1449,901,2026-07-13,Cancelled
556,1012,1094,2026-08-25,Completed
557,610,680,2026-01-27,Completed
558,168,3,2026-02-10,Completed
559,1321,1040,2026-06-28,Cancelled
560,403,1628,2026-07-10,Completed
561,460,210,2026-03-24,Completed
562,1351,467,2026-03-15,Completed
563,673,168,2026-05-09,Completed
564,505,1003,2026-06-21,Completed
565,846,1049,2026-07-20,Scheduled
566,1497,1488,2026-05-18,Scheduled
567,1159,198,2026-05-01,Completed
568,485,1098,2026-06-07,Completed
569,1119,738,2026-07-21,Completed
570,851,563,2026-01-25,Completed
571,460,859,2026-06-22,Cancelled
572,171,720,2026-01-26,Completed
573,1056,325,2026-06-17,Completed
574,946,626,2026-01-23,Scheduled
575,48,1548,2026-05-08,No-show
576,971,946,2026-02-03,Completed
577,966,599,2026-06-26,Completed
578,9,1734,2026-01-25,Completed
579,1257,718,2026-04-19,No-show
580,1135,490,2026-08-20,Completed
581,1139,91,2026-08-18,Scheduled
582,1499,1411,2026-03-12,Completed
583,242,571,2026-02-03,Cancelled
584,585,772,2026-04-12,Completed
585,1213,175,2026-07-16,Completed
586,906,856,2026-04-12,Completed
587,1316,843,2026-03-13,No-show
588,1185,718,2026-08-01,Completed
589,796,1575,2026-08-04,Completed
590,706,241,2026-07-12,Completed
591,392,510,2026-06-03,Scheduled
592,285,790,2026-07-11,Cancelled
593,1206,1496,2026-06-11,No-show
594,24,1770,2026-02-25,Completed
595,1173,1633,2026-03-09,Completed
596,1362,1680,2026-01-21,Cancelled
597,225,735,2026-02-16,Completed
598,1439,1667,2026-08-22,Completed
599,599,1406,2026-05-26,Completed
600,1271,51,2026-04-15,Completed
601,1377,239,2026-01-07,Completed
602,1128,1883,2026-02-27,Completed
603,452,1393,2026-06-03,Scheduled
604,215,1396,2026-04-10,Scheduled
605,717,1137,2026-07-21,Completed
606,57,173,2026-01-30,Completed
607,1472,306,2026-03-05,Completed
608,558,187,2026-07-07,Completed
609,167,403,2026-02-19,Completed
610,558,607,2026-03-11,Completed
611,1364,242,2026-04-18,No-show
612,1346,600,2026-07-24,Completed
613,1405,1611,2026-03-12,Completed
614,206,357,2026-03-14,Scheduled
615,1154,1585,2026-05-20,Completed
616,544,1109,2026-01-23,Completed
617,146,1179,2026-08-10,Completed
618,1230,1291,2026-02-25,Scheduled
619,515,466,2026-08-21,Completed
620,213,817,2026-04-13,Scheduled
621,580,1773,2026-05-29,Completed
622,1209,1822,2026-06-19,Completed
623,52,662,2026-01-13,No-show
624,1344,962,2026-08-19,Cancelled
625,80,744,2026-02-08,Completed
626,855,645,2026-08-07,Completed
627,244,1638,2026-04-14,No-show
628,68,947,2026-07-11,Cancelled
629,1272,285,2026-06-04,Scheduled
630,598,1676,2026-02-06,Scheduled
631,411,871,2026-03-08,Completed
632,675,1689,2026-03-19,Completed
633,320,1460,2026-01-16,Completed
634,405,49,2026-01-20,Completed
635,1425,1038,2026-05-03,Completed
636,1375,663,2026-01-25,Completed
637,1212,732,2026-01-26,Completed
638,1114,1748,2026-04-08,Scheduled
639,664,500,2026-07-21,Completed
640,1438,1320,2026-08-15,Scheduled
641,1015,853,2026-01-30,Completed
642,277,504,2026-07-20,Completed
643,1194,158,2026-06-24,Completed
644,34,919,2026-02-04,Completed
645,951,122,2026-06-21,No-show
646,331,539,2026-08-27,Completed
647,1342,316,2026-01-23,Completed
648,245,289,2026-02-03,No-show
649,941,108,2026-08-06,Completed
650,650,1295,2026-02-04,No-show
651,1428,1769,2026-01-20,Completed
652,1245,1348,2026-02-24,Cancelled
653,976,838,2026-08-06,Completed
654,1006,488,2026-04-08,Completed
655,878,1624,2026-02-18,Completed
656,490,148,2026-05-22,Completed
657,164,96,2026-01-10,No-show
658,1023,1668,2026-03-19,Completed
659,228,1751,2026-06-18,Cancelled
660,251,673,2026-07-20,Completed
661,587,1416,2026-02-13,Completed
662,311,459,2026-01-31,Completed
663,99,1602,2026-01-20,Completed
664,169,851,2026-08-24,Completed
665,679,1274,2026-01-14,Completed
666,1359,136,2026-04-21,Cancelled
667,380,1729,2026-04-10,Scheduled
668,1123,1716,2026-03-06,No-show
669,691,556,2026-02-12,Cancelled
670,360,1756,2026-07-13,Completed
671,639,713,2026-08-17,Scheduled
672,285,1806,2026-06-12,Completed
673,997,1597,2026-07-04,No-show
674,1450,825,2026-04-30,Completed
675,1224,837,2026-06-30,Completed
676,1067,594,2026-05-15,No-show
677,736,1089,2026-04-20,Completed
678,579,1185,2026-05-10,Completed
679,1225,758,2026-02-26,Cancelled
680,63,1709,2026-04-05,Scheduled
681,1288,160,2026-06-29,Completed
682,887,1393,2026-04-26,Completed
683,1359,428,2026-08-23,Completed
684,749,1768,2026-04-04,Completed
685,607,1579,2026-08-15,Scheduled
686,378,1387,2026-04-25,Completed
687,177,1572,2026-04-27,Completed
688,828,478,2026-02-04,Completed
689,741,661,2026-04-14,Completed
690,531,913,2026-04-08,No-show
691,976,832,2026-01-06,Completed
692,170,1686,2026-03-17,No-show
693,1340,1270,2026-08-24,Completed
694,456,1322,2026-01-02,Cancelled
695,775,480,2026-05-11,Completed
696,863,800,2026-08-09,Completed
697,83,1829,2026-07-21,Completed
698,912,1520,2026-07-19,No-show
699,11,902,2026-01-01,Cancelled
700,844,1104,2026-04-15,Completed
701,121,804,2026-06-22,Completed
702,206,1228,2026-05-05,Scheduled
703,289,1080,2026-01-02,Completed
704,346,1345,2026-02-19,Completed
705,228,357,2026-02-01,Completed
706,1351,1625,2026-02-11,Scheduled
707,293,1831,2026-05-22,Scheduled
708,359,1084,2026-05-23,Completed
709,27,1341,2026-05-18,Completed
710,670,1223,2026-08-10,Completed
711,395,531,2026-04-02,Cancelled
712,1211,1161,2026-06-02,Completed
713,3,1357,2026-03-11,Scheduled
714,1488,868,2026-07-12,Completed
715,927,1180,2026-06-04,No-show
716,468,275,2026-04-06,No-show
717,209,862,2026-06-30,Scheduled
718,505,988,2026-03-30,Completed
719,644,538,2026-02-19,Completed
720,908,521,2026-08-26,Scheduled
721,1318,217,2026-05-16,Completed
722,16,808,2026-07-22,Cancelled
723,593,1552,2026-01-31,Completed
724,1362,706,2026-04-03,Cancelled
725,1140,1725,2026-01-11,Completed
726,952,1,2026-05-15,Completed
727,262,1798,2026-08-26,Completed
728,150,1727,2026-01-07,No-show
729,210,735,2026-06-09,Completed
730,1459,207,2026-03-26,Completed
731,159,289,2026-06-06,Completed
732,259,1869,2026-07-21,Completed
733,196,407,2026-08-27,Completed
734,590,1354,2026-05-01,Completed
735,931,1716,2026-03-15,Completed
736,1288,1095,2026-02-02,Completed
737,359,622,2026-01-22,Completed
738,1381,1323,2026-05-23,Cancelled
739,458,105,2026-01-06,Completed
740,706,169,2026-05-08,Cancelled
741,1146,1095,2026-06-14,Completed
742,52,144,2026-06-22,Cancelled
743,952,1253,2026-05-23,Completed
744,237,422,2026-06-20,Scheduled
745,455,974,2026-07-30,Completed
746,1486,676,2026-08-20,Completed
747,514,248,2026-08-27,No-show
748,491,1738,2026-07-30,Completed
749,1222,953,2026-05-28,Scheduled
750,680,1586,2026-05-22,Completed
751,706,820,2026-08-23,Completed
752,763,1496,2026-06-01,Completed
753,1430,398,2026-07-16,Scheduled
754,570,320,2026-02-17,Completed
755,2,700,2026-08-02,Completed
756,881,280,2026-05-26,Completed
757,1413,324,2026-03-18,Completed
758,314,932,2026-05-14,Completed
759,1113,841,2026-04-20,Scheduled
760,137,167,2026-07-06,Scheduled
761,680,1588,2026-04-18,Completed
762,479,1777,2026-04-26,Completed
763,761,763,2026-04-24,No-show
764,170,873,2026-04-13,Completed
765,910,1047,2026-04-17,Scheduled
766,457,740,2026-04-18,Completed
767,142,1093,2026-03-18,Completed
768,1131,1253,2026-01-15,Scheduled
769,451,222,2026-06-12,Scheduled
770,575,332,2026-02-19,Completed
771,817,987,2026-06-07,Completed
772,1312,329,2026-06-06,No-show
773,606,884,2026-03-10,Completed
774,1022,1124,2026-08-09,No-show
775,662,1321,2026-07-25,No-show
776,19,16,2026-05-17,Completed
777,378,48,2026-03-03,Completed
778,514,1505,2026-02-14,Completed
779,1050,1029,2026-01-02,Completed
780,561,1644,2026-01-21,Completed
781,259,673,2026-03-20,Scheduled
782,678,462,2026-03-29,Completed
783,816,1450,2026-06-03,Scheduled
784,1095,1298,2026-03-28,Completed
785,578,80,2026-08-05,Cancelled
786,59,672,2026-04-09,Completed
787,1022,1174,2026-05-25,No-show
788,31,1845,2026-02-11,Completed
789,756,993,2026-04-26,Scheduled
790,437,314,2026-02-26,Completed
791,1271,383,2026-07-23,Completed
792,1229,1864,2026-03-16,Completed
793,456,17,2026-08-06,Scheduled
794,1311,971,2026-05-18,Cancelled
795,286,978,2026-05-15,Completed
796,95,1110,2026-03-13,Scheduled
797,287,1067,2026-06-04,Completed
798,377,111,2026-08-20,No-show
799,1265,1558,2026-06-03,Scheduled
800,324,181,2026-01-26,Completed
