patient_id,full_name,sex,date_of_birth
1,Yetunde Eze,F,1979-03-05
2,Femi Uzoma,M,1962-08-28
3,Ayodele Okeke,M,2018-05-22
4,Aisha Ajayi,F,1971-03-19
5,Femi Balogun,M,2009-08-14
6,Ngozi Afolabi,F,1985-08-31
7,Fatima Lawal,F,1938-03-06
8,Folasade Chinedu,F,1935-08-31
9,Emeka Eze,M,2023-02-21
10,Yusuf Nnamdi,M,1953-02-26
11,Segun Sanni,M,1986-02-27
12,Nnamdi Aliyu,M,1939-07-29
13,Segun Lawal,M,2003-09-03
14,Oluwaseun Balogun,M,1993-05-18
15,Oluwaseun Adeyemi,M,1954-12-20
16,Omolara Eze,F,2021-09-18
17,Ikechukwu Onyeka,M,1973-04-06
18,Nnamdi Okafor,M,1990-11-25
19,Segun Adebayo,M,2020-03-30
20,Oluwaseun Onyeka,M,1940-07-19
21,Chukwuemeka Aliyu,M,2022-11-08
22,Simisola Adeyemi,F,1966-12-04
23,Emeka Ajayi,M,1968-11-24
24,Nnamdi Chinedu,M,1996-07-22
25,Emeka Lawal,M,1989-07-10
26,Amina Nnamdi,F,1987-10-01
27,Fatima Eze,F,1935-10-16
28,Suleiman Ajayi,M,2002-07-13
29,Omolara Ogunleye,F,1980-05-29
30,Segun Okeke,M,1993-04-30
31,Oluwaseun Uzoma,M,2025-07-15
32,Kabiru Onyeka,M,2000-03-03
33,Nnamdi Obi,M,1993-05-31
34,Yetunde Lawal,F,2006-11-27
35,Ibrahim Adebayo,M,1995-10-31
36,Blessing Okonkwo,F,2021-12-04
37,Chioma Ajayi,F,1971-11-25
38,Kayode Bello,M,1951-01-08
39,Ngozi Adeyemi,F,1968-03-20
40,Nnamdi Eze,M,1993-12-21
41,Chibuzor Ibrahim,M,1951-09-22
42,Hadiza Mohammed,F,1953-01-26
43,Rukayat Chinedu,F,1991-03-23
44,Femi Ogunleye,M,1935-12-22
45,Tunde Adeyemi,M,1993-03-03
46,Funmilayo Onyeka,F,1950-08-21
47,Abimbola Lawal,F,1962-06-29
48,Omolara Nnamdi,F,1944-09-29
49,Chiamaka Yakubu,F,1950-06-10
50,Yetunde Okafor,F,1948-04-11
51,Ngozi Ajayi,F,1977-11-24
52,Bashir Chukwu,M,2019-04-30
53,Chidi Ogundipe,M,1996-10-11
54,Yetunde Abubakar,F,1999-01-21
55,Nkechi Aliyu,F,1949-08-25
56,Ngozi Okeke,F,1969-01-08
57,Chidi Abubakar,M,1970-02-11
58,Musa Yakubu,M,2019-04-15
59,Obinna Emeka,M,2004-11-13
60,Emeka Lawal,M,2005-02-02
61,Adaeze Bello,F,1941-03-07
62,Obinna Onyeka,M,2015-09-06
63,Wale Fashola,M,1947-04-04
64,Omolara Sanni,F,1951-06-05
65,Ngozi Mohammed,F,1970-01-04
66,Hadiza Adebayo,F,1945-03-27
67,Nkechi Adebayo,F,2022-11-27
68,Chioma Sanni,F,1992-08-07
69,Fatima Fashola,F,2010-05-19
70,Halima Adebayo,F,1960-09-20
71,Zainab Adebayo,F,1978-06-03
72,Hadiza Abubakar,F,2018-12-21
73,Emeka Ajayi,M,1965-08-06
74,Ibrahim Lawal,M,2002-10-03
75,Ibrahim Chukwu,M,1949-06-28
76,Chibuzor Ogunleye,M,2015-10-16
77,Blessing Ogunleye,F,1950-09-04
78,Abimbola Ogunleye,F,1971-04-04
79,Bisi Yakubu,F,1975-03-24
80,Nkechi Obi,F,1964-02-11
81,Amina Adeyemi,F,1950-07-23
82,Oluwaseun Ibrahim,M,2014-03-13
83,Uche Ajayi,M,2020-04-24
84,Rukayat Ogundipe,F,2003-05-03
85,Wale Uzoma,M,1954-09-27
86,Yusuf Suleiman,M,2012-05-14
87,Nkechi Ogunleye,F,1943-07-03
88,Chibuzor Adeyemi,M,1948-06-19
89,Ijeoma Lawal,F,1947-07-13
90,Femi Salihu,M,1992-03-02
91,Chidi Yakubu,M,1960-08-11
92,Nnamdi Okonkwo,M,2006-03-25
93,Yusuf Balogun,M,2005-07-08
94,Folasade Lawal,F,1945-06-27
95,Obinna Balogun,M,2025-04-19
96,Titilayo Ogundipe,F,1991-04-12
97,Wale Adebayo,M,1996-02-29
98,Segun Balogun,M,1992-06-21
99,Aliyu Adebayo,M,1969-03-13
100,Yetunde Okonkwo,F,1946-12-20
101,Ibrahim Nwosu,M,2011-03-11
102,Maryam Ogundipe,F,1980-02-09
103,Abimbola Bello,F,2005-09-24
104,Ngozi Ogundipe,F,1998-05-10
105,Adaeze Afolabi,F,2002-09-02
106,Chidi Afolabi,M,1954-05-03
107,Kayode Fashola,M,1937-01-12
108,Halima Obi,F,1990-08-09
109,Chidi Eze,M,1947-12-03
110,Chibuzor Adeyemi,M,2001-01-16
111,Adewale Onyeka,M,1953-06-20
112,Ibrahim Nnamdi,M,1964-12-14
113,Bisi Chinedu,F,1992-03-11
114,Titilayo Uzoma,F,1945-12-31
115,Maryam Okonkwo,F,1974-05-23
116,Bisi Eze,F,1991-12-01
117,Segun Adebayo,M,2012-09-11
118,Abimbola Abubakar,F,1975-02-28
119,Chidi Uzoma,M,1971-03-06
120,Abimbola Onyeka,F,1994-01-17
121,Chioma Chinedu,F,1946-04-15
122,Damilare Okafor,M,1953-08-13
123,Aisha Afolabi,F,1982-03-17
124,Kayode Onyeka,M,1941-12-28
125,Ayodele Balogun,M,1949-02-07
126,Kabiru Fashola,M,1964-07-16
127,Yusuf Sanni,M,1938-01-01
128,Ibrahim Nnamdi,M,2015-06-02
129,Funmilayo Ogundipe,F,1949-04-20
130,Hadiza Onyeka,F,1975-09-30
131,Femi Ajayi,M,1935-02-27
132,Damilare Aliyu,M,1992-07-26
133,Emeka Okafor,M,1964-01-14
134,Ayodele Bello,M,1942-04-04
135,Chukwuemeka Chukwu,M,1958-03-27
136,Emeka Chukwu,M,1977-07-05
137,Amina Onyeka,F,1954-03-11
138,Bashir Ajayi,M,2019-07-20
139,Amina Abubakar,F,2024-07-26
140,Uche Nnamdi,M,1969-07-25
141,Adaeze Aliyu,F,1968-08-11
142,Folasade Nwosu,F,1961-03-12
143,Chukwuemeka Ogundipe,M,1978-09-03
144,Chioma Onyeka,F,2009-02-15
145,Segun Afolabi,M,1936-08-28
146,Yusuf Bello,M,1983-03-09
147,Folasade Obi,F,2019-12-30
148,Nkechi Ajayi,F,2005-10-03
149,Chukwuemeka Chukwu,M,2002-05-21
150,Bashir Chinedu,M,1941-05-25
151,Chukwuemeka Fashola,M,1985-03-04
152,Adewale Eze,M,2015-10-06
153,Oluwaseun Mohammed,M,1978-05-01
154,Amina Uzoma,F,1959-02-25
155,Emeka Okonkwo,M,1958-01-11
156,Suleiman Adebayo,M,1975-05-13
157,Hadiza Balogun,F,2000-11-28
158,Ayodele Sanni,M,1980-05-30
159,Adaeze Obi,F,1991-05-27
160,Wale Ajayi,M,1992-10-17
161,Yetunde Mohammed,F,2007-11-11
162,Funmilayo Nwosu,F,1958-09-12
163,Aliyu Sanni,M,1964-07-25
164,Uche Chinedu,M,1950-07-07
165,Hadiza Adeyemi,F,1966-04-08
166,Chibuzor Abubakar,M,1978-08-31
167,Fatima Chukwu,F,2009-11-03
168,Simisola Fashola,F,1996-04-26
169,Chidi Suleiman,M,1991-12-17
170,Segun Ibrahim,M,1986-02-11
171,Chibuzor Yakubu,M,1982-10-30
172,Aisha Eze,F,2008-09-28
173,Wale Yakubu,M,1989-04-10
174,Maryam Salihu,F,1963-02-02
175,Maryam Lawal,F,2015-05-19
176,Aliyu Okafor,M,1999-09-06
177,Rukayat Bello,F,1939-10-30
178,Adewale Nwosu,M,1954-04-19
179,Tunde Lawal,M,2016-05-05
180,Adewale Bello,M,1956-12-18
181,Aisha Okeke,F,1976-09-09
182,Amina Afolabi,F,1944-10-14
183,Ayodele Onyeka,M,1996-07-26
184,Omolara Lawal,F,2007-08-23
185,Folasade Afolabi,F,1996-08-05
186,Wale Onyeka,M,1944-11-29
187,Simisola Emeka,F,1975-06-03
188,Abdullahi Adebayo,M,2017-05-31
189,Tunde Ibrahim,M,1993-09-01
190,Halima Ibrahim,F,1992-06-05
191,Obinna Nwosu,M,1957-07-17
192,Blessing Okeke,F,1946-10-02
193,Obinna Eze,M,2024-02-08
194,Titilayo Obi,F,1940-08-11
195,Ayodele Eze,M,2007-04-07
196,Damilare Adebayo,M,1941-09-14
197,Maryam Okafor,F,1946-04-06
198,Adaobi Adebayo,F,1960-10-30
199,Titilayo Chinedu,F,1949-12-20
200,Kayode Nnamdi,M,1951-01-26
201,Bashir Eze,M,1990-05-25
202,Amina Okafor,F,1996-12-21
203,Maryam Okeke,F,1956-07-07
204,Fatima Ibrahim,F,2009-09-23
205,Rukayat Ogundipe,F,1950-06-04
206,Femi Ogundipe,M,1953-11-28
207,Oluwaseun Bello,M,1941-04-16
208,Yusuf Obi,M,2005-03-22
209,Tunde Adebayo,M,1960-12-23
210,Hadiza Obi,F,1998-10-15
211,Emeka Lawal,M,2011-12-29
212,Tunde Sanni,M,2025-12-24
213,Damilare Okafor,M,1966-06-08
214,Emeka Obi,M,2022-04-17
215,Abimbola Ogunleye,F,1954-02-07
216,Yusuf Eze,M,2024-03-27
217,Abdullahi Nwosu,M,1978-07-01
218,Ijeoma Adeyemi,F,1995-04-01
219,Kayode Bello,M,1994-02-15
220,Adaobi Adebayo,F,2019-05-01
221,Aliyu Fashola,M,1955-02-25
222,Kayode Chukwu,M,1973-03-19
223,Kabiru Onyeka,M,2013-12-18
224,Ikechukwu Fashola,M,2023-05-13
225,Chioma Obi,F,2003-01-06
226,Chidi Afolabi,M,1950-07-10
227,Ibrahim Afolabi,M,2023-01-15
228,Segun Sanni,M,1940-07-07
229,Ibrahim Mohammed,M,2024-02-05
230,Uche Chukwu,M,2014-01-07
231,Femi Chukwu,M,2025-05-18
232,Ngozi Okafor,F,1947-03-25
233,Ayodele Nnamdi,M,2020-04-10
234,Halima Fashola,F,1954-10-12
235,Obinna Nwosu,M,1988-04-02
236,Obinna Salihu,M,1953-04-05
237,Fatima Okafor,F,1948-05-30
238,Omolara Ogundipe,F,1956-06-11
239,Omolara Sanni,F,1944-04-07
240,Damilare Ogunleye,M,1941-02-28
241,Ayodele Mohammed,M,1979-12-29
242,Suleiman Ajayi,M,2002-07-06
243,Ibrahim Aliyu,M,1967-07-07
244,Ayodele Ogundipe,M,2009-12-25
245,Bisi Ajayi,F,1936-07-24
246,Chibuzor Adebayo,M,1952-04-08
247,Fatima Okafor,F,2024-07-31
248,Hadiza Emeka,F,2025-03-15
249,Chukwuemeka Mohammed,M,1966-07-16
250,Kayode Eze,M,1967-05-12
251,Wale Mohammed,M,1940-11-13
252,Yusuf Okeke,M,2002-11-30
253,Kabiru Onyeka,M,1943-04-15
254,Ibrahim Okeke,M,1950-06-28
255,Yetunde Ibrahim,F,2003-10-16
256,Bashir Afolabi,M,1960-03-23
257,Emeka Onyeka,M,1935-09-11
258,Halima Ibrahim,F,2009-11-13
259,Halima Ogunleye,F,1988-07-04
260,Emeka Afolabi,M,1970-05-02
261,Suleiman Balogun,M,2009-07-02
262,Adewale Chinedu,M,1953-01-10
263,Funmilayo Mohammed,F,1945-07-01
264,Wale Sanni,M,1982-06-17
265,Emeka Yakubu,M,2004-09-20
266,Amina Emeka,F,1965-10-18
267,Hadiza Okeke,F,1984-08-21
268,Ibrahim Nnamdi,M,1959-02-19
269,Omolara Abubakar,F,2005-01-19
270,Nnamdi Ogundipe,M,2014-10-27
271,Aisha Okafor,F,1956-07-11
272,Ibrahim Adeyemi,M,1981-03-31
273,Titilayo Adeyemi,F,2014-11-06
274,Adaeze Okeke,F,2003-05-15
275,Ngozi Lawal,F,1941-12-09
276,Segun Mohammed,M,2020-07-01
277,Nnamdi Adeyemi,M,1953-11-11
278,Emeka Yakubu,M,2016-05-28
279,Nkechi Okonkwo,F,2025-04-29
280,Wale Lawal,M,1942-12-09
281,Adaobi Onyeka,F,1986-03-30
282,Simisola Chukwu,F,1996-02-13
283,Suleiman Adebayo,M,1966-06-19
284,Adaobi Nwosu,F,1973-07-22
285,Chidi Ibrahim,M,1965-11-18
286,Ikechukwu Mohammed,M,1946-05-03
287,Blessing Nwosu,F,1986-04-11
288,Aliyu Salihu,M,2016-12-16
289,Emeka Balogun,M,1980-03-31
290,Chioma Ogundipe,F,1938-10-22
291,Abdullahi Nwosu,M,1979-06-03
292,Aliyu Sanni,M,1995-07-21
293,Bisi Ajayi,F,1958-12-19
294,Chidi Uzoma,M,1970-12-27
295,Zainab Nwosu,F,1950-04-15
296,Wale Ibrahim,M,1987-04-09
297,Hadiza Chukwu,F,2003-07-29
298,Chioma Obi,F,1945-08-22
299,Chukwuemeka Uzoma,M,2019-07-18
300,Nnamdi Lawal,M,1969-08-27
301,Chioma Suleiman,F,1968-03-04
302,Ibrahim Suleiman,M,1975-10-25
303,Tunde Salihu,M,2024-03-03
304,Kayode Sanni,M,1984-11-18
305,Chibuzor Chinedu,M,1986-12-28
306,Abimbola Eze,F,1996-11-18
307,Ngozi Yakubu,F,1961-07-03
308,Kabiru Okonkwo,M,2007-07-22
309,Simisola Yakubu,F,1938-07-08
310,Wale Abubakar,M,2004-02-17
311,Wale Okeke,M,1978-09-16
312,Chidi Chinedu,M,2015-01-20
313,Adewale Sanni,M,2015-01-28
314,Nnamdi Sanni,M,1985-03-28
315,Emeka Okonkwo,M,2005-06-07
316,Simisola Obi,F,2019-11-24
317,Kayode Nwosu,M,2002-07-14
318,Rukayat Ogunleye,F,1938-03-28
319,Chibuzor Sanni,M,1946-08-01
320,Abdullahi Adeyemi,M,1962-11-27
321,Simisola Nwosu,F,2009-05-13
322,Funmilayo Obi,F,1980-01-16
323,Nkechi Suleiman,F,1944-01-08
324,Nkechi Fashola,F,2017-12-10
325,Yusuf Chukwu,M,1939-03-11
326,Abdullahi Fashola,M,2024-09-19
327,Adaobi Eze,F,2025-08-12
328,Emeka Sanni,M,1998-06-03
329,Ayodele Chinedu,M,1989-12-09
330,Abdullahi Bello,M,1947-12-04
331,Rukayat Afolabi,F,1947-03-12
332,Hadiza Suleiman,F,1981-09-10
333,Nkechi Aliyu,F,1982-10-29
334,Yusuf Mohammed,M,2021-12-03
335,Bashir Aliyu,M,1953-01-13
336,Chioma Aliyu,F,1971-04-10
337,Obinna Okafor,M,1969-05-16
338,Aliyu Chinedu,M,1995-05-09
339,Simisola Ogunleye,F,2009-09-16
340,Adaobi Emeka,F,1989-08-06
341,Halima Emeka,F,1997-12-29
342,Bashir Yakubu,M,1977-10-25
343,Adewale Nwosu,M,2005-02-16
344,Adewale Mohammed,M,1962-10-01
345,Temitope Ibrahim,F,2009-06-19
346,Oluwaseun Yakubu,M,1957-09-10
347,Emeka Bello,M,2002-02-03
348,Simisola Fashola,F,2006-09-16
349,Ijeoma Afolabi,F,2013-11-30
350,Emeka Aliyu,M,2020-02-08
351,Yetunde Lawal,F,1939-12-31
352,Adewale Bello,M,1956-04-09
353,Omolara Ibrahim,F,1995-01-02
354,Oluwaseun Mohammed,M,1976-06-26
355,Chukwuemeka Okeke,M,2025-08-10
356,Temitope Obi,F,1967-07-29
357,Adaobi Uzoma,F,1956-06-02
358,Suleiman Emeka,M,2002-11-24
359,Ikechukwu Aliyu,M,1971-08-09
360,Emeka Ogundipe,M,1995-06-09
361,Fatima Onyeka,F,2024-01-12
362,Uche Suleiman,M,1959-10-15
363,Nnamdi Yakubu,M,2022-01-12
364,Adaeze Obi,F,1969-11-18
365,Uche Lawal,M,2005-09-13
366,Hadiza Okonkwo,F,2002-10-03
367,Tunde Eze,M,1943-03-17
368,Fatima Mohammed,F,1980-04-19
369,Omolara Aliyu,F,1964-01-15
370,Adaobi Eze,F,1970-11-22
371,Omolara Ajayi,F,1998-04-09
372,Obinna Uzoma,M,2015-03-09
373,Adaobi Salihu,F,1966-01-28
374,Fatima Chinedu,F,1937-12-06
375,Damilare Adeyemi,M,1935-12-30
376,Titilayo Afolabi,F,1995-05-09
377,Simisola Okeke,F,1998-12-05
378,Chioma Okeke,F,2006-04-21
379,Blessing Sanni,F,2003-04-22
380,Abdullahi Emeka,M,2019-02-01
381,Damilare Balogun,M,2004-05-07
382,Emeka Abubakar,M,1955-10-02
383,Hadiza Balogun,F,1945-09-26
384,Chukwuemeka Adeyemi,M,1993-11-25
385,Bashir Ibrahim,M,1942-10-06
386,Maryam Emeka,F,1958-11-23
387,Uche Aliyu,M,1948-01-23
388,Adewale Ogunleye,M,2009-02-18
389,Bisi Adeyemi,F,1944-10-07
390,Amina Obi,F,1936-11-08
391,Chukwuemeka Balogun,M,1969-05-06
392,Chukwuemeka Chinedu,M,2012-09-02
393,Musa Adeyemi,M,2009-04-23
394,Kayode Sanni,M,2019-06-09
395,Musa Okonkwo,M,1938-12-25
396,Ayodele Ogundipe,M,1969-05-27
397,Yusuf Sanni,M,1951-12-02
398,Folasade Balogun,F,2016-01-19
399,Tunde Okeke,M,2014-06-06
400,Nkechi Salihu,F,2016-05-08
401,Ayodele Adeyemi,M,2005-03-14
402,Omolara Nwosu,F,2010-12-22
403,Ikechukwu Uzoma,M,1990-12-07
404,Chioma Abubakar,F,2006-03-22
405,Musa Eze,M,1972-05-10
406,Emeka Suleiman,M,1974-04-04
407,Yetunde Lawal,F,1975-05-24
408,Funmilayo Okafor,F,1996-01-16
409,Chukwuemeka Mohammed,M,1952-05-02
410,Halima Suleiman,F,2018-08-01
411,Titilayo Fashola,F,1993-08-09
412,Zainab Ajayi,F,1975-10-06
413,Abimbola Fashola,F,2001-09-14
414,Halima Okonkwo,F,1987-02-14
415,Fatima Yakubu,F,2001-11-02
416,Chioma Balogun,F,1970-11-16
417,Chukwuemeka Ibrahim,M,1998-06-12
418,Maryam Afolabi,F,1942-04-13
419,Amina Ogunleye,F,2006-11-16
420,Omolara Bello,F,2020-04-04
421,Abimbola Ogunleye,F,1946-12-02
422,Yetunde Balogun,F,1944-09-21
423,Simisola Mohammed,F,1941-03-21
424,Chioma Ibrahim,F,1997-09-28
425,Folasade Sanni,F,2008-08-14
426,Fatima Sanni,F,1979-02-06
427,Obinna Ogundipe,M,1997-09-05
428,Musa Lawal,M,2021-01-14
429,Ibrahim Chinedu,M,1979-02-05
430,Chioma Okonkwo,F,1978-08-30
431,Nnamdi Fashola,M,1976-01-26
432,Amina Nnamdi,F,1983-05-25
433,Wale Sanni,M,1991-02-19
434,Musa Suleiman,M,1995-05-31
435,Bashir Emeka,M,1991-06-23
436,Ikechukwu Okeke,M,1961-07-06
437,Aisha Ajayi,F,1999-08-18
438,Tunde Afolabi,M,1989-07-05
439,Wale Obi,M,2024-03-14
440,Ayodele Obi,M,1986-04-26
441,Kayode Abubakar,M,1974-03-15
442,Uche Aliyu,M,1977-06-24
443,Nnamdi Abubakar,M,2011-09-05
444,Chidi Balogun,M,1995-07-05
445,Adaobi Eze,F,1991-10-10
446,Abdullahi Adeyemi,M,1940-09-09
447,Adaobi Nwosu,F,1994-10-21
448,Ngozi Chukwu,F,1985-08-06
449,Emeka Yakubu,M,1953-06-22
450,Aliyu Yakubu,M,1997-11-16
451,Nkechi Sanni,F,2023-12-18
452,Nkechi Salihu,F,2010-04-27
453,Halima Obi,F,2004-10-26
454,Aisha Suleiman,F,1955-06-05
455,Obinna Ibrahim,M,1985-10-23
456,Kabiru Ibrahim,M,2003-05-31
457,Omolara Onyeka,F,1967-09-06
458,Kabiru Bello,M,1939-05-13
459,Bashir Nwosu,M,1943-10-31
460,Nkechi Okonkwo,F,1937-04-28
461,Kayode Sanni,M,2007-09-15
462,Zainab Yakubu,F,2009-03-16
463,Kabiru Afolabi,M,1973-10-10
464,Adewale Eze,M,1990-12-10
465,Funmilayo Obi,F,1945-01-28
466,Chukwuemeka Lawal,M,1969-04-16
467,Uche Afolabi,M,1942-05-02
468,Funmilayo Adeyemi,F,2022-10-17
469,Kabiru Abubakar,M,2009-12-03
470,Kayode Yakubu,M,1941-10-15
471,Adewale Okeke,M,1987-09-17
472,Simisola Onyeka,F,2010-09-16
473,Omolara Onyeka,F,1945-01-31
474,Tunde Obi,M,2021-09-23
475,Yusuf Okeke,M,1981-07-17
476,Omolara Fashola,F,1975-10-16
477,Adaeze Okeke,F,1943-10-19
478,Rukayat Emeka,F,1963-09-13
479,Ikechukwu Suleiman,M,1947-07-25
480,Nkechi Ogunleye,F,1998-09-10
481,Chukwuemeka Bello,M,1937-06-11
482,Ayodele Nwosu,M,1959-03-16
483,Adaeze Chukwu,F,1979-05-16
484,Folasade Onyeka,F,1980-09-19
485,Segun Ajayi,M,2014-04-20
486,Emeka Nnamdi,M,1975-11-29
487,Hadiza Yakubu,F,2020-04-16
488,Ayodele Nnamdi,M,2010-04-22
489,Chiamaka Okafor,F,2021-11-13
490,Oluwaseun Balogun,M,1975-11-24
491,Obinna Ogundipe,M,1954-02-06
492,Fatima Chinedu,F,2014-04-27
493,Rukayat Ajayi,F,1935-09-12
494,Amina Fashola,F,1974-05-15
495,Nnamdi Fashola,M,1992-11-03
496,Musa Chinedu,M,2006-10-26
497,Simisola Adebayo,F,2023-02-12
498,Ayodele Chukwu,M,1993-10-23
499,Kabiru Emeka,M,1953-11-02
500,Nkechi Ogunleye,F,1945-10-19
501,Uche Okafor,M,2018-06-24
502,Ayodele Afolabi,M,1998-07-02
503,Chioma Ogundipe,F,1944-05-21
504,Folasade Mohammed,F,1943-11-25
505,Amina Okafor,F,1938-05-17
506,Femi Okonkwo,M,1963-02-09
507,Obinna Chukwu,M,2010-02-05
508,Bisi Okonkwo,F,1941-12-17
509,Yusuf Abubakar,M,1974-02-10
510,Abdullahi Ogunleye,M,1974-09-19
511,Maryam Nnamdi,F,1941-07-19
512,Kayode Salihu,M,1990-05-12
513,Kayode Ibrahim,M,1953-12-13
514,Rukayat Ogunleye,F,2017-06-29
515,Ikechukwu Ibrahim,M,2016-11-25
516,Nkechi Afolabi,F,1983-06-07
517,Suleiman Obi,M,1940-12-07
518,Chioma Aliyu,F,1998-03-12
519,Obinna Nnamdi,M,1980-10-10
520,Adewale Onyeka,M,2008-12-27
521,Segun Abubakar,M,1941-01-15
522,Chibuzor Nnamdi,M,2013-10-27
523,Aisha Balogun,F,1986-12-05
524,Adaobi Ogundipe,F,1970-03-04
525,Obinna Aliyu,M,1943-06-04
526,Suleiman Adebayo,M,1965-09-28
527,Segun Nnamdi,M,1964-09-20
528,Ayodele Fashola,M,2002-11-01
529,Yusuf Ogunleye,M,2022-05-12
530,Simisola Aliyu,F,1958-04-20
531,Rukayat Uzoma,F,1972-07-18
532,Chibuzor Obi,M,1999-02-19
533,Simisola Chinedu,F,1986-09-30
534,Ibrahim Bello,M,1977-07-29
535,Adewale Adebayo,M,1939-04-02
536,Fatima Ogundipe,F,2010-10-23
537,Oluwaseun Aliyu,M,2017-07-07
538,Titilayo Suleiman,F,1963-07-08
539,Abdullahi Aliyu,M,1944-06-02
540,Ijeoma Nnamdi,F,2025-01-02
541,Chukwuemeka Ajayi,M,1954-05-27
542,Abdullahi Uzoma,M,1940-06-14
543,Abdullahi Aliyu,M,1968-03-18
544,Abdullahi Sanni,M,2014-06-04
545,Chioma Sanni,F,1981-06-08
546,Funmilayo Ibrahim,F,1983-12-27
547,Femi Suleiman,M,1985-01-19
548,Musa Adeyemi,M,1950-07-07
549,Adaobi Ajayi,F,1947-10-18
550,Zainab Mohammed,F,2011-02-14
551,Halima Balogun,F,1953-01-28
552,Kayode Nwosu,M,2019-01-13
553,Nnamdi Salihu,M,2024-10-02
554,Oluwaseun Abubakar,M,1958-10-28
555,Kabiru Nwosu,M,1971-08-15
556,Ibrahim Emeka,M,1985-03-03
557,Damilare Okeke,M,1954-04-03
558,Abimbola Okafor,F,1981-08-21
559,Segun Ogundipe,M,1987-07-26
560,Ijeoma Salihu,F,1997-08-04
561,Aisha Onyeka,F,1986-03-04
562,Suleiman Obi,M,1948-03-25
563,Ayodele Ogundipe,M,1935-09-14
564,Nnamdi Chukwu,M,1997-03-20
565,Yetunde Ibrahim,F,2023-04-08
566,Nkechi Chinedu,F,1954-10-24
567,Emeka Aliyu,M,1983-05-01
568,Ayodele Salihu,M,1964-09-27
569,Nkechi Lawal,F,1957-02-24
570,Omolara Aliyu,F,1991-11-20
571,Oluwaseun Okonkwo,M,1952-06-05
572,Wale Abubakar,M,2011-05-05
573,Blessing Afolabi,F,1987-04-21
574,Abdullahi Bello,M,1935-06-27
575,Bashir Onyeka,M,1951-11-14
576,Bisi Adeyemi,F,1995-01-04
577,Chidi Aliyu,M,1970-08-13
578,Ibrahim Balogun,M,1947-09-29
579,Adaeze Balogun,F,1980-11-19
580,Oluwaseun Nwosu,M,1966-07-30
581,Halima Adebayo,F,1935-03-26
582,Kayode Aliyu,M,1982-02-25
583,Blessing Okonkwo,F,1954-06-13
584,Aisha Obi,F,1952-03-13
585,Ibrahim Ibrahim,M,1935-07-24
586,Chiamaka Ibrahim,F,1936-08-09
587,Femi Mohammed,M,2016-09-11
588,Hadiza Suleiman,F,2019-09-21
589,Tunde Nwosu,M,1973-10-26
590,Maryam Balogun,F,2021-08-28
591,Nnamdi Chukwu,M,2002-08-25
592,Chibuzor Eze,M,2023-08-01
593,Nnamdi Chinedu,M,1951-06-22
594,Simisola Ogunleye,F,1941-07-04
595,Hadiza Lawal,F,2022-12-17
596,Rukayat Afolabi,F,1935-01-27
597,Adaobi Emeka,F,1990-06-29
598,Funmilayo Balogun,F,1942-12-08
599,Blessing Yakubu,F,1989-12-09
600,Musa Adeyemi,M,1987-09-27
601,Funmilayo Balogun,F,1996-04-09
602,Halima Adeyemi,F,2005-10-16
603,Abimbola Ibrahim,F,1971-06-29
604,Nnamdi Fashola,M,1982-10-23
605,Chukwuemeka Adebayo,M,2006-02-21
606,Adaeze Balogun,F,2023-10-26
607,Suleiman Eze,M,1998-09-26
608,Folasade Okonkwo,F,1997-09-29
609,Nnamdi Yakubu,M,2017-01-14
610,Segun Onyeka,M,1967-07-14
611,Adaeze Yakubu,F,1971-11-04
612,Abimbola Okeke,F,1981-08-04
613,Ikechukwu Adeyemi,M,2003-08-18
614,Chiamaka Adeyemi,F,2015-10-08
615,Maryam Aliyu,F,1954-09-09
616,Fatima Ogundipe,F,2022-09-14
617,Chukwuemeka Adeyemi,M,2009-04-04
618,Ibrahim Onyeka,M,1952-01-12
619,Wale Abubakar,M,2005-02-02
620,Ijeoma Adeyemi,F,1978-12-15
621,Ikechukwu Ajayi,M,1992-02-06
622,Zainab Salihu,F,2012-05-06
623,Simisola Nnamdi,F,1984-08-31
624,Ayodele Onyeka,M,1949-10-19
625,Funmilayo Okafor,F,1979-02-20
626,Hadiza Emeka,F,1969-10-29
627,Blessing Bello,F,2007-07-17
628,Aisha Abubakar,F,2006-07-28
629,Adaobi Onyeka,F,1937-08-01
630,Aliyu Uzoma,M,1989-01-11
631,Damilare Salihu,M,2007-09-02
632,Chibuzor Nwosu,M,1968-03-28
633,Aisha Onyeka,F,2002-11-17
634,Ibrahim Adeyemi,M,2010-04-09
635,Damilare Adeyemi,M,1995-01-18
636,Wale Uzoma,M,1972-03-06
637,Ibrahim Yakubu,M,2019-04-30
638,Emeka Onyeka,M,1945-09-28
639,Halima Eze,F,1950-03-09
640,Simisola Suleiman,F,2003-03-07
641,Aliyu Eze,M,1962-11-26
642,Chukwuemeka Sanni,M,1962-07-03
643,Folasade Ogundipe,F,1954-06-01
644,Adewale Suleiman,M,1988-10-26
645,Yusuf Abubakar,M,1977-01-31
646,Chidi Aliyu,M,1943-07-11
647,Chiamaka Obi,F,2002-01-07
648,Chiamaka Nwosu,F,1988-08-13
649,Adewale Chukwu,M,1961-04-27
650,Ayodele Aliyu,M,1984-01-06
651,Adewale Onyeka,M,2005-01-01
652,Abimbola Ogunleye,F,1977-04-29
653,Aisha Okeke,F,1985-10-06
654,Zainab Nnamdi,F,1993-02-24
655,Fatima Okafor,F,1971-02-25
656,Fatima Sanni,F,1949-08-11
657,Chidi Abubakar,M,1968-05-06
658,Tunde Abubakar,M,1980-03-28
659,Segun Mohammed,M,1974-07-20
660,Bisi Onyeka,F,1948-11-13
661,Uche Aliyu,M,2005-10-21
662,Ngozi Mohammed,F,1984-06-15
663,Chukwuemeka Aliyu,M,1985-08-03
664,Simisola Aliyu,F,1974-09-17
665,Nnamdi Ogunleye,M,2006-02-10
666,Ayodele Salihu,M,1988-02-05
667,Fatima Adeyemi,F,1970-07-06
668,Kabiru Ibrahim,M,1946-05-03
669,Kabiru Uzoma,M,1982-11-24
670,Ikechukwu Eze,M,1997-02-07
671,Funmilayo Adeyemi,F,1991-03-23
672,Folasade Chinedu,F,2005-12-05
673,Aisha Abubakar,F,2006-11-19
674,Fatima Onyeka,F,2016-06-27
675,Omolara Ogunleye,F,2011-01-06
676,Chukwuemeka Emeka,M,1970-04-12
677,Bashir Okafor,M,1988-01-07
678,Suleiman Eze,M,1958-08-04
679,Obinna Adeyemi,M,1976-08-08
680,Titilayo Balogun,F,1940-01-23
681,Yusuf Abubakar,M,1953-05-07
682,Blessing Yakubu,F,1944-04-28
683,Kayode Adebayo,M,1984-06-27
684,Ijeoma Emeka,F,1974-08-08
685,Ngozi Okeke,F,1970-11-10
686,Kabiru Abubakar,M,2011-02-27
687,Segun Onyeka,M,2007-10-07
688,Tunde Okonkwo,M,1986-01-23
689,Abdullahi Abubakar,M,1947-09-14
690,Ngozi Chukwu,F,1963-05-01
691,Adaobi Fashola,F,1936-11-27
692,Ayodele Yakubu,M,2006-06-12
693,Abimbola Okeke,F,1990-03-22
694,Ngozi Bello,F,2005-04-18
695,Ngozi Salihu,F,1956-01-09
696,Segun Ajayi,M,1974-01-04
697,Maryam Abubakar,F,1936-01-23
698,Uche Obi,M,2000-10-17
699,Chiamaka Uzoma,F,1975-10-10
700,Adaeze Afolabi,F,1945-12-29
701,Tunde Ibrahim,M,1994-04-13
702,Hadiza Chinedu,F,2025-07-04
703,Fatima Obi,F,1972-03-05
704,Aliyu Aliyu,M,1947-12-21
705,Yusuf Uzoma,M,1936-06-16
706,Nnamdi Fashola,M,1970-09-13
707,Fatima Emeka,F,1954-10-06
708,Omolara Okeke,F,1976-02-04
709,Chiamaka Nwosu,F,1964-06-22
710,Aisha Adebayo,F,1982-02-21
711,Chibuzor Uzoma,M,1974-10-16
712,Oluwaseun Ogundipe,M,1970-04-08
713,Aliyu Eze,M,2025-11-24
714,Kabiru Adebayo,M,2005-09-26
715,Simisola Okeke,F,2006-11-17
716,Omolara Salihu,F,1997-07-14
717,Zainab Salihu,F,1949-12-19
718,Temitope Chinedu,F,1937-01-13
719,Bashir Nnamdi,M,1976-11-26
720,Yetunde Fashola,F,1945-07-16
721,Fatima Okonkwo,F,1944-04-21
722,Rukayat Lawal,F,1991-09-06
723,Abimbola Balogun,F,1966-03-12
724,Segun Eze,M,1967-05-04
725,Halima Aliyu,F,1972-03-24
726,Rukayat Ogundipe,F,1956-01-30
727,Kabiru Nnamdi,M,2003-01-27
728,Wale Lawal,M,2006-01-12
729,Uche Chinedu,M,1974-04-16
730,Tunde Okeke,M,1980-03-24
731,Bisi Afolabi,F,1968-10-03
732,Damilare Aliyu,M,1953-10-28
733,Femi Okeke,M,1991-02-01
734,Chibuzor Okonkwo,M,1969-08-16
735,Adaobi Emeka,F,1949-01-09
736,Chibuzor Nnamdi,M,2007-02-24
737,Suleiman Chukwu,M,2017-05-24
738,Chioma Nnamdi,F,2023-03-21
739,Ayodele Yakubu,M,1986-01-25
740,Amina Uzoma,F,1980-01-27
741,Adaobi Chukwu,F,1974-08-26
742,Damilare Nwosu,M,1948-05-07
743,Ngozi Ajayi,F,1966-09-14
744,Nnamdi Adebayo,M,1945-07-30
745,Ikechukwu Aliyu,M,1957-04-20
746,Yusuf Chukwu,M,1951-04-22
747,Abdullahi Afolabi,M,2024-02-27
748,Chibuzor Adebayo,M,1976-01-09
749,Tunde Eze,M,2021-10-11
750,Nnamdi Adeyemi,M,1975-06-24
751,Ayodele Sanni,M,2018-12-25
752,Fatima Ibrahim,F,1957-09-11
753,Oluwaseun Fashola,M,1998-01-08
754,Hadiza Aliyu,F,1954-10-14
755,Funmilayo Afolabi,F,1964-08-13
756,Hadiza Uzoma,F,1995-02-27
757,Blessing Ibrahim,F,2012-03-27
758,Femi Okonkwo,M,2006-05-23
759,Adaeze Adeyemi,F,2025-09-15
760,Uche Salihu,M,1976-02-01
761,Suleiman Sanni,M,1949-07-22
762,Adaeze Obi,F,1980-06-28
763,Obinna Ibrahim,M,1953-10-13
764,Hadiza Ogunleye,F,1988-06-03
765,Emeka Adebayo,M,1965-01-07
766,Omolara Nnamdi,F,2005-06-08
767,Funmilayo Okonkwo,F,2011-02-16
768,Yetunde Suleiman,F,1937-11-22
769,Chidi Obi,M,1988-08-08
770,Amina Balogun,F,1949-03-22
771,Chioma Nnamdi,F,1990-02-04
772,Segun Uzoma,M,1974-07-07
773,Emeka Okafor,M,2007-11-03
774,Uche Okeke,M,1949-06-11
775,Bisi Afolabi,F,1971-10-16
776,Tunde Eze,M,1949-01-16
777,Musa Obi,M,1944-02-25
778,Zainab Onyeka,F,2022-08-23
779,Bashir Sanni,M,1976-08-11
780,Nkechi Onyeka,F,1984-07-05
781,Abimbola Ajayi,F,1984-10-16
782,Femi Uzoma,M,1997-08-01
783,Ibrahim Balogun,M,1989-07-24
784,Chiamaka Eze,F,2004-01-13
785,Abimbola Adeyemi,F,2025-08-27
786,Kabiru Abubakar,M,2014-12-01
787,Titilayo Nnamdi,F,1995-02-16
788,Nnamdi Nnamdi,M,2005-06-03
789,Hadiza Bello,F,1956-09-14
790,Hadiza Afolabi,F,1939-08-12
791,Fatima Abubakar,F,1951-02-12
792,Kabiru Lawal,M,1981-11-02
793,Temitope Eze,F,1974-11-16
794,Temitope Nnamdi,F,1978-03-05
795,Ibrahim Adeyemi,M,1982-12-17
796,Rukayat Adeyemi,F,1979-08-09
797,Amina Yakubu,F,1967-08-12
798,Femi Fashola,M,1979-02-21
799,Aliyu Balogun,M,1987-06-01
800,Maryam Salihu,F,1988-11-14
801,Zainab Eze,F,1980-03-21
802,Suleiman Yakubu,M,2000-08-27
803,Ayodele Nwosu,M,2021-07-16
804,Damilare Uzoma,M,2022-09-11
805,Damilare Nwosu,M,1972-12-03
806,Aisha Chinedu,F,2000-09-07
807,Omolara Obi,F,1949-10-19
808,Emeka Adebayo,M,1965-05-02
809,Fatima Onyeka,F,1954-12-16
810,Tunde Nnamdi,M,1956-05-20
811,Abdullahi Lawal,M,1954-06-11
812,Kabiru Mohammed,M,1985-10-11
813,Wale Chukwu,M,1973-07-31
814,Chiamaka Obi,F,1984-09-18
815,Damilare Adeyemi,M,2013-04-17
816,Ngozi Suleiman,F,1971-01-29
817,Abdullahi Ibrahim,M,1977-05-04
818,Bashir Yakubu,M,1977-10-22
819,Chioma Aliyu,F,2017-07-29
820,Yusuf Balogun,M,1950-03-17
821,Chioma Bello,F,1970-09-03
822,Temitope Adeyemi,F,1947-03-27
823,Adaeze Chinedu,F,2021-11-06
824,Ayodele Uzoma,M,1982-05-12
825,Adewale Uzoma,M,1996-01-24
826,Fatima Eze,F,1935-12-12
827,Yetunde Ogunleye,F,1959-08-23
828,Fatima Bello,F,1988-06-25
829,Damilare Fashola,M,1959-08-19
830,Nkechi Okeke,F,1967-03-24
831,Tunde Uzoma,M,1978-05-07
832,Wale Aliyu,M,1981-04-21
833,Damilare Salihu,M,2011-03-08
834,Chukwuemeka Mohammed,M,1969-03-23
835,Obinna Okeke,M,1941-02-17
836,Aisha Lawal,F,2008-08-05
837,Chiamaka Bello,F,1948-06-03
838,Zainab Okonkwo,F,1983-03-21
839,Amina Obi,F,1983-11-23
840,Chiamaka Ajayi,F,1962-10-28
841,Chioma Adebayo,F,2012-11-23
842,Musa Bello,M,2022-09-17
843,Temitope Fashola,F,1970-04-16
844,Ibrahim Aliyu,M,1994-03-03
845,Blessing Lawal,F,1957-12-09
846,Kayode Aliyu,M,2024-12-21
847,Abimbola Ogunleye,F,1952-03-03
848,Ngozi Yakubu,F,1966-03-27
849,Kayode Balogun,M,1954-06-16
850,Adaobi Nwosu,F,1997-07-01
851,Kabiru Afolabi,M,1961-04-17
852,Titilayo Salihu,F,1967-01-10
853,Nkechi Afolabi,F,2001-11-04
854,Adaeze Salihu,F,2010-11-04
855,Adaobi Mohammed,F,2024-08-27
856,Hadiza Balogun,F,1952-05-22
857,Chibuzor Emeka,M,1985-07-17
858,Ikechukwu Ajayi,M,2020-03-15
859,Damilare Afolabi,M,1957-11-28
860,Simisola Eze,F,2020-08-10
861,Chukwuemeka Chukwu,M,1998-05-17
862,Ibrahim Sanni,M,1982-01-21
863,Omolara Nnamdi,F,1999-06-28
864,Bisi Obi,F,1969-12-06
865,Uche Adebayo,M,1949-06-29
866,Chiamaka Suleiman,F,1995-02-27
867,Adewale Bello,M,1983-04-09
868,Aliyu Lawal,M,1970-11-30
869,Abdullahi Yakubu,M,1940-09-18
870,Kayode Emeka,M,1976-07-05
871,Bashir Aliyu,M,2002-07-09
872,Oluwaseun Eze,M,1977-08-18
873,Kabiru Okeke,M,2020-01-31
874,Damilare Obi,M,1995-05-13
875,Nnamdi Okonkwo,M,2005-04-03
876,Titilayo Bello,F,1977-06-18
877,Femi Chukwu,M,2003-04-16
878,Chidi Ibrahim,M,2017-01-08
879,Aisha Adeyemi,F,2012-02-20
880,Zainab Afolabi,F,1944-10-09
881,Chibuzor Obi,M,1987-06-16
882,Funmilayo Suleiman,F,2010-12-17
883,Obinna Uzoma,M,2025-10-24
884,Musa Okonkwo,M,1992-10-28
885,Musa Ajayi,M,2008-04-20
886,Amina Bello,F,1992-01-29
887,Oluwaseun Adebayo,M,1951-09-25
888,Chiamaka Obi,F,2023-03-14
889,Emeka Ajayi,M,1962-06-26
890,Aliyu Emeka,M,1941-03-18
891,Simisola Obi,F,2025-03-16
892,Damilare Uzoma,M,1990-03-02
893,Titilayo Ibrahim,F,1985-07-16
894,Wale Ogundipe,M,1983-04-12
895,Zainab Balogun,F,1963-11-15
896,Musa Okonkwo,M,1943-06-19
897,Hadiza Eze,F,2012-06-22
898,Amina Fashola,F,2021-09-21
899,Musa Aliyu,M,1961-04-25
900,Omolara Nnamdi,F,1999-04-03
901,Chibuzor Salihu,M,1980-04-25
902,Femi Nwosu,M,1974-08-22
903,Zainab Okonkwo,F,1993-11-22
904,Adewale Okeke,M,2024-02-18
905,Halima Nwosu,F,1960-02-26
906,Adaeze Abubakar,F,1956-11-14
907,Uche Ibrahim,M,2004-12-17
908,Aisha Bello,F,2004-09-09
909,Abimbola Adeyemi,F,1942-07-24
910,Chukwuemeka Okonkwo,M,1991-08-20
911,Emeka Chinedu,M,1937-05-15
912,Simisola Ibrahim,F,2013-03-21
913,Chidi Suleiman,M,1995-04-02
914,Funmilayo Okeke,F,1964-03-07
915,Chibuzor Obi,M,2007-10-25
916,Hadiza Yakubu,F,2022-03-08
917,Hadiza Nnamdi,F,2006-06-21
918,Adaobi Ajayi,F,1999-10-07
919,Ibrahim Nnamdi,M,1987-10-30
920,Adewale Ibrahim,M,1937-02-27
921,Fatima Ajayi,F,2013-11-10
922,Abimbola Adeyemi,F,2021-09-26
923,Damilare Ajayi,M,2013-01-17
924,Emeka Nnamdi,M,2024-10-17
925,Zainab Chinedu,F,1942-10-28
926,Chukwuemeka Fashola,M,2021-12-17
927,Titilayo Onyeka,F,1995-06-23
928,Yetunde Salihu,F,2008-12-01
929,Chiamaka Ajayi,F,1956-03-26
930,Kayode Yakubu,M,1965-03-13
931,Emeka Eze,M,1962-09-15
932,Suleiman Okonkwo,M,2022-05-11
933,Nnamdi Mohammed,M,2001-12-21
934,Fatima Abubakar,F,2014-11-10
935,Yusuf Aliyu,M,2020-04-17
936,Ibrahim Bello,M,1976-05-05
937,Oluwaseun Okonkwo,M,1993-08-01
938,Simisola Fashola,F,1990-06-16
939,Blessing Eze,F,1953-10-26
940,Aisha Nnamdi,F,2025-05-14
941,Femi Ajayi,M,2019-10-21
942,Titilayo Chukwu,F,1988-11-04
943,Chukwuemeka Mohammed,M,1943-07-03
944,Kayode Abubakar,M,1998-03-14
945,Ibrahim Balogun,M,1941-01-14
946,Ijeoma Salihu,F,1968-05-18
947,Chioma Okeke,F,2023-09-18
948,Yetunde Bello,F,1945-07-25
949,Femi Obi,M,2009-05-10
950,Chibuzor Yakubu,M,1948-08-20
951,Adaeze Ogunleye,F,2008-08-20
952,Simisola Suleiman,F,1951-04-19
953,Yusuf Adeyemi,M,2009-11-12
954,Kabiru Eze,M,1985-04-12
955,Aisha Abubakar,F,1970-04-14
956,Titilayo Chinedu,F,1989-03-06
957,Yetunde Ibrahim,F,1964-04-07
958,Damilare Ogunleye,M,1972-11-11
959,Yusuf Adeyemi,M,2024-04-20
960,Ijeoma Yakubu,F,1992-12-28
961,Folasade Yakubu,F,1941-04-12
962,Adaobi Eze,F,1953-01-03
963,Ayodele Emeka,M,1953-11-14
964,Abdullahi Adeyemi,M,2019-06-11
965,Maryam Fashola,F,1958-10-07
966,Ikechukwu Bello,M,2009-09-26
967,Folasade Ibrahim,F,1956-09-03
968,Amina Yakubu,F,2020-04-19
969,Femi Aliyu,M,1958-06-22
970,Segun Abubakar,M,2008-01-02
971,Tunde Nwosu,M,1963-01-31
972,Bisi Emeka,F,2024-07-02
973,Adaeze Sanni,F,1999-09-19
974,Adewale Okonkwo,M,1955-04-29
975,Abdullahi Salihu,M,1974-05-27
976,Oluwaseun Okeke,M,2025-12-31
977,Adaobi Fashola,F,1953-12-04
978,Oluwaseun Okafor,M,2025-12-21
979,Aisha Okafor,F,1953-03-04
980,Femi Balogun,M,1938-05-15
981,Nnamdi Salihu,M,1951-02-10
982,Titilayo Aliyu,F,1967-03-06
983,Adewale Uzoma,M,1982-08-12
984,Aisha Emeka,F,1955-06-16
985,Chidi Okafor,M,1994-12-20
986,Ayodele Lawal,M,1950-05-02
987,Femi Ogundipe,M,1970-11-16
988,Maryam Lawal,F,1994-05-26
989,Oluwaseun Adebayo,M,2015-07-26
990,Ayodele Uzoma,M,1943-07-17
991,Temitope Adebayo,F,2007-03-19
992,Ijeoma Balogun,F,2023-09-28
993,Nkechi Okonkwo,F,2017-07-02
994,Aliyu Ogundipe,M,1990-06-13
995,Nnamdi Afolabi,M,1977-03-25
996,Amina Chukwu,F,1951-01-25
997,Yusuf Ajayi,M,1969-11-01
998,Ngozi Adeyemi,F,1955-11-10
999,Chibuzor Salihu,M,2023-10-23
1000,Hadiza Obi,F,2014-01-17
1001,Bisi Bello,F,1997-04-21
1002,Aliyu Chukwu,M,2025-10-17
1003,Chioma Balogun,F,2021-04-06
1004,Ibrahim Nnamdi,M,1992-01-23
1005,Chukwuemeka Yakubu,M,1996-07-09
1006,Chiamaka Ajayi,F,1986-10-22
1007,Folasade Suleiman,F,1968-01-08
1008,Ibrahim Abubakar,M,1946-12-04
1009,Hadiza Balogun,F,1955-01-25
1010,Obinna Eze,M,1938-06-23
1011,Rukayat Abubakar,F,1945-08-07
1012,Adewale Chukwu,M,1940-07-03
1013,Emeka Adeyemi,M,1966-03-14
1014,Emeka Ibrahim,M,1971-06-20
1015,Ibrahim Balogun,M,1954-09-17
1016,Zainab Mohammed,F,2022-11-18
1017,Maryam Obi,F,2003-09-27
1018,Bisi Aliyu,F,1945-06-17
1019,Ibrahim Balogun,M,2022-02-01
1020,Hadiza Chinedu,F,1979-01-08
1021,Segun Ajayi,M,1984-09-19
1022,Titilayo Sanni,F,1992-08-03
1023,Emeka Sanni,M,1986-02-10
1024,Chukwuemeka Yakubu,M,1972-09-24
1025,Ijeoma Okafor,F,2022-11-09
1026,Temitope Ogundipe,F,2025-06-28
1027,Ikechukwu Onyeka,M,1945-10-09
1028,Ijeoma Nnamdi,F,2006-08-27
1029,Obinna Ajayi,M,2015-04-28
1030,Hadiza Abubakar,F,2005-07-28
1031,Maryam Ogunleye,F,2009-05-16
1032,Fatima Okafor,F,1969-01-14
1033,Yetunde Chinedu,F,1976-07-18
1034,Chioma Balogun,F,2009-08-17
1035,Abimbola Sanni,F,1969-06-20
1036,Zainab Adebayo,F,1991-02-25
1037,Nnamdi Lawal,M,2015-01-30
1038,Emeka Bello,M,1999-07-07
1039,Segun Obi,M,2012-04-18
1040,Suleiman Nnamdi,M,1987-10-29
1041,Kayode Emeka,M,1991-09-25
1042,Abdullahi Salihu,M,1972-07-05
1043,Ngozi Balogun,F,2014-07-16
1044,Yetunde Lawal,F,1993-03-06
1045,Halima Abubakar,F,1980-09-03
1046,Fatima Okonkwo,F,1974-02-11
1047,Ijeoma Bello,F,2014-11-02
1048,Wale Okeke,M,1962-10-09
1049,Aisha Adebayo,F,2007-05-14
1050,Kabiru Ajayi,M,1996-08-04
1051,Kabiru Aliyu,M,1989-04-29
1052,Omolara Onyeka,F,2003-12-05
1053,Amina Aliyu,F,1972-04-15
1054,Yusuf Okafor,M,1992-12-31
1055,Oluwaseun Lawal,M,2013-12-13
1056,Tunde Lawal,M,1978-08-07
1057,Ikechukwu Ibrahim,M,2015-10-01
1058,Adewale Eze,M,1935-07-03
1059,Ayodele Salihu,M,1958-06-15
1060,Femi Nnamdi,M,2007-11-16
1061,Rukayat Emeka,F,1961-07-04
1062,Emeka Nwosu,M,2005-12-06
1063,Chiamaka Eze,F,1949-06-06
1064,Adaobi Okeke,F,1948-12-26
1065,Chidi Adeyemi,M,2024-09-16
1066,Bashir Lawal,M,2011-09-04
1067,Wale Nnamdi,M,2013-03-09
1068,Titilayo Bello,F,1954-06-21
1069,Ikechukwu Eze,M,1945-07-07
1070,Bisi Fashola,F,1980-01-28
1071,Titilayo Adeyemi,F,1961-09-07
1072,Chibuzor Chukwu,M,1944-05-28
1073,Temitope Emeka,F,1980-01-09
1074,Aisha Nwosu,F,1969-07-25
1075,Damilare Abubakar,M,1935-11-24
1076,Tunde Uzoma,M,1958-02-06
1077,Zainab Adebayo,F,2025-05-05
1078,Nnamdi Okeke,M,2018-09-09
1079,Segun Eze,M,1972-01-01
1080,Omolara Eze,F,1947-05-26
1081,Bisi Balogun,F,2000-01-27
1082,Titilayo Aliyu,F,1944-07-09
1083,Bashir Fashola,M,2010-04-06
1084,Kayode Lawal,M,1996-12-19
1085,Segun Uzoma,M,2013-01-01
1086,Abdullahi Uzoma,M,2024-01-23
1087,Hadiza Suleiman,F,1980-05-19
1088,Omolara Adeyemi,F,2024-10-07
1089,Nkechi Emeka,F,1988-10-03
1090,Bisi Nwosu,F,1975-10-11
1091,Oluwaseun Okafor,M,1952-01-01
1092,Chioma Okeke,F,1940-07-11
1093,Zainab Ibrahim,F,1975-02-07
1094,Yusuf Onyeka,M,1969-01-31
1095,Aisha Ajayi,F,1946-02-02
1096,Suleiman Emeka,M,1979-01-22
1097,Bisi Mohammed,F,1984-12-14
1098,Yetunde Sanni,F,1987-10-29
1099,Adewale Nnamdi,M,2024-09-12
1100,Emeka Lawal,M,1942-04-30
1101,Fatima Chukwu,F,1998-01-14
1102,Ngozi Okeke,F,1957-09-27
1103,Ijeoma Uzoma,F,1988-04-28
1104,Adewale Okonkwo,M,1987-11-18
1105,Abimbola Onyeka,F,2016-12-27
1106,Femi Adeyemi,M,2007-11-16
1107,Ibrahim Okafor,M,1965-07-14
1108,Simisola Uzoma,F,1976-01-22
1109,Wale Onyeka,M,1994-09-13
1110,Abimbola Emeka,F,1983-09-15
1111,Ibrahim Mohammed,M,2025-07-19
1112,Oluwaseun Sanni,M,1990-04-30
1113,Aliyu Balogun,M,1963-05-04
1114,Adaobi Onyeka,F,1971-11-14
1115,Femi Uzoma,M,1982-08-01
1116,Ngozi Balogun,F,1956-12-10
1117,Blessing Afolabi,F,2013-10-28
1118,Uche Fashola,M,1953-05-10
1119,Temitope Suleiman,F,1992-10-22
1120,Chibuzor Adeyemi,M,1940-03-22
1121,Femi Salihu,M,1977-01-04
1122,Abdullahi Ajayi,M,1978-08-23
1123,Nnamdi Yakubu,M,2007-12-19
1124,Nnamdi Eze,M,2022-05-12
1125,Damilare Yakubu,M,2010-07-04
1126,Chidi Fashola,M,1942-05-21
1127,Rukayat Fashola,F,1996-05-07
1128,Funmilayo Nwosu,F,2013-04-30
1129,Femi Adebayo,M,2023-09-29
1130,Ijeoma Lawal,F,2016-08-02
1131,Temitope Chinedu,F,1967-02-07
1132,Emeka Abubakar,M,1953-10-23
1133,Aliyu Fashola,M,1975-01-29
1134,Bisi Sanni,F,1968-10-12
1135,Ijeoma Adeyemi,F,1968-06-16
1136,Chukwuemeka Okonkwo,M,1968-02-16
1137,Nkechi Nwosu,F,2007-05-07
1138,Simisola Nwosu,F,1982-09-28
1139,Chioma Nnamdi,F,1972-01-26
1140,Ayodele Balogun,M,1998-04-13
1141,Damilare Lawal,M,1965-03-12
1142,Kabiru Chinedu,M,2022-08-21
1143,Omolara Okafor,F,1950-02-07
1144,Emeka Chinedu,M,1983-07-07
1145,Amina Okonkwo,F,1981-12-30
1146,Abimbola Fashola,F,2007-05-09
1147,Segun Salihu,M,2015-07-21
1148,Zainab Ajayi,F,1994-01-05
1149,Kabiru Bello,M,1984-06-15
1150,Ikechukwu Nnamdi,M,1961-03-19
1151,Blessing Chinedu,F,1982-07-20
1152,Segun Emeka,M,2016-03-09
1153,Adaeze Ogundipe,F,1958-09-08
1154,Tunde Nnamdi,M,1999-06-16
1155,Bisi Yakubu,F,1999-10-08
1156,Tunde Abubakar,M,1943-11-08
1157,Oluwaseun Fashola,M,2016-05-11
1158,Rukayat Sanni,F,1963-06-13
1159,Blessing Eze,F,1971-10-23
1160,Abdullahi Abubakar,M,1947-04-18
1161,Abdullahi Ibrahim,M,1955-06-27
1162,Folasade Adeyemi,F,1978-10-16
1163,Yetunde Aliyu,F,2024-09-17
1164,Fatima Abubakar,F,2022-10-02
1165,Adaobi Onyeka,F,1956-01-12
1166,Chidi Abubakar,M,1939-07-04
1167,Ibrahim Adeyemi,M,1971-04-11
1168,Ibrahim Yakubu,M,1967-01-07
1169,Aisha Okafor,F,2001-05-24
1170,Funmilayo Sanni,F,1982-01-27
1171,Emeka Chukwu,M,1951-10-11
1172,Segun Lawal,M,1967-10-15
1173,Chidi Okafor,M,1952-09-27
1174,Zainab Abubakar,F,1953-08-30
1175,Yetunde Ogundipe,F,1955-01-17
1176,Adaobi Adeyemi,F,1975-08-01
1177,Tunde Sanni,M,1981-03-03
1178,Hadiza Afolabi,F,2012-01-13
1179,Maryam Okeke,F,1997-11-04
1180,Tunde Fashola,M,1962-10-17
1181,Aisha Abubakar,F,1952-11-20
1182,Folasade Suleiman,F,1942-12-29
1183,Aliyu Aliyu,M,1971-12-16
1184,Segun Chinedu,M,1972-05-28
1185,Kayode Lawal,M,2004-05-19
1186,Hadiza Bello,F,1987-07-13
1187,Adaobi Nnamdi,F,1992-02-25
1188,Adaobi Suleiman,F,2023-05-16
1189,Omolara Emeka,F,1956-06-10
1190,Adewale Ajayi,M,1962-07-15
1191,Adaeze Abubakar,F,2020-03-29
1192,Wale Obi,M,2012-03-21
1193,Fatima Okeke,F,2020-10-10
1194,Ibrahim Sanni,M,1978-08-13
1195,Folasade Okeke,F,2021-08-12
1196,Suleiman Obi,M,2021-03-09
1197,Tunde Suleiman,M,2001-09-03
1198,Adewale Abubakar,M,1994-07-10
1199,Chukwuemeka Onyeka,M,1978-02-14
1200,Halima Emeka,F,2018-11-06
1201,Maryam Ogundipe,F,1982-08-20
1202,Wale Ogunleye,M,2021-09-09
1203,Adaobi Adebayo,F,1955-04-08
1204,Musa Okeke,M,2001-09-04
1205,Tunde Chukwu,M,1994-06-22
1206,Adaobi Ajayi,F,2010-01-02
1207,Adaeze Suleiman,F,1953-04-19
1208,Folasade Eze,F,2009-08-21
1209,Aisha Abubakar,F,1951-12-22
1210,Kayode Fashola,M,1949-07-03
1211,Ayodele Okeke,M,1947-11-14
1212,Ngozi Balogun,F,1994-04-30
1213,Ibrahim Nnamdi,M,1967-08-11
1214,Amina Abubakar,F,2017-12-27
1215,Ayodele Fashola,M,1991-02-16
1216,Musa Sanni,M,1968-07-24
1217,Ngozi Aliyu,F,2009-10-05
1218,Ibrahim Chinedu,M,1996-11-18
1219,Femi Salihu,M,1974-11-10
1220,Amina Nnamdi,F,1985-10-26
1221,Omolara Bello,F,1974-09-08
1222,Chukwuemeka Chinedu,M,2022-02-19
1223,Nnamdi Onyeka,M,1996-12-26
1224,Suleiman Abubakar,M,1941-04-25
1225,Temitope Emeka,F,2008-08-20
1226,Tunde Chinedu,M,2012-12-03
1227,Femi Emeka,M,1983-07-15
1228,Oluwaseun Ibrahim,M,1999-10-29
1229,Chibuzor Eze,M,1987-09-12
1230,Funmilayo Adebayo,F,1969-05-12
1231,Zainab Bello,F,2008-08-25
1232,Chukwuemeka Suleiman,M,1937-09-17
1233,Bisi Mohammed,F,1961-04-13
1234,Chidi Bello,M,1939-08-12
1235,Hadiza Onyeka,F,2011-03-09
1236,Adewale Chukwu,M,1956-05-16
1237,Segun Nnamdi,M,1944-07-10
1238,Chiamaka Nwosu,F,1995-10-14
1239,Hadiza Ajayi,F,1980-11-25
1240,Ayodele Adeyemi,M,2004-07-16
1241,Obinna Ogunleye,M,1988-06-03
1242,Damilare Afolabi,M,1944-05-09
1243,Halima Salihu,F,1958-04-22
1244,Ikechukwu Uzoma,M,2004-07-26
1245,Simisola Onyeka,F,1964-11-08
1246,Tunde Okonkwo,M,1960-09-03
1247,Chukwuemeka Ogunleye,M,1951-10-26
1248,Musa Emeka,M,1944-08-11
1249,Aisha Onyeka,F,1951-07-04
1250,Tunde Abubakar,M,2002-07-12
1251,Oluwaseun Uzoma,M,2002-07-11
1252,Nkechi Obi,F,1944-06-28
1253,Abdullahi Yakubu,M,2003-03-31
1254,Suleiman Fashola,M,1993-10-09
1255,Aisha Emeka,F,2004-10-15
1256,Chidi Mohammed,M,1989-03-25
1257,Abimbola Okonkwo,F,2024-02-26
1258,Yetunde Okafor,F,2004-01-17
1259,Chukwuemeka Ajayi,M,1975-01-14
1260,Kayode Lawal,M,2019-03-12
1261,Musa Abubakar,M,2017-05-04
1262,Rukayat Adeyemi,F,2023-09-06
1263,Funmilayo Salihu,F,2015-03-16
1264,Uche Fashola,M,2000-04-07
1265,Bisi Abubakar,F,1987-05-19
1266,Suleiman Ogundipe,M,1978-01-11
1267,Yetunde Okonkwo,F,1958-11-06
1268,Kabiru Adeyemi,M,1984-06-21
1269,Oluwaseun Obi,M,1938-06-23
1270,Funmilayo Nnamdi,F,1970-11-10
1271,Musa Chinedu,M,1958-07-21
1272,Suleiman Afolabi,M,1996-05-16
1273,Chidi Ajayi,M,2014-05-22
1274,Nkechi Balogun,F,1997-01-29
1275,Musa Onyeka,M,1973-11-17
1276,Ayodele Ibrahim,M,1989-01-11
1277,Segun Chukwu,M,2008-09-25
1278,Chioma Suleiman,F,1990-08-16
1279,Ikechukwu Nwosu,M,1967-10-17
1280,Kabiru Sanni,M,1976-04-21
1281,Segun Sanni,M,2021-05-31
1282,Chiamaka Onyeka,F,1993-03-06
1283,Ayodele Adeyemi,M,1990-06-05
1284,Blessing Afolabi,F,1982-11-22
1285,Zainab Okonkwo,F,2014-04-26
1286,Adaobi Nwosu,F,2003-08-07
1287,Funmilayo Sanni,F,2004-08-13
1288,Zainab Chukwu,F,1991-08-27
1289,Bashir Abubakar,M,1997-08-24
1290,Aliyu Afolabi,M,2000-04-26
1291,Adaobi Ibrahim,F,1968-03-30
1292,Adaeze Abubakar,F,1980-08-15
1293,Halima Salihu,F,1997-06-29
1294,Bisi Ajayi,F,1954-04-04
1295,Wale Yakubu,M,2003-09-28
1296,Maryam Chinedu,F,1991-12-09
1297,Adaeze Okeke,F,1982-09-18
1298,Temitope Bello,F,1985-05-10
1299,Amina Abubakar,F,2014-06-18
1300,Folasade Afolabi,F,1950-03-18
1301,Emeka Aliyu,M,1997-05-09
1302,Amina Ogunleye,F,1971-12-21
1303,Chibuzor Bello,M,1973-11-27
1304,Nnamdi Adebayo,M,1959-09-06
1305,Nnamdi Adeyemi,M,1975-07-06
1306,Aliyu Yakubu,M,1942-07-27
1307,Amina Sanni,F,1972-05-20
1308,Yusuf Fashola,M,1996-06-16
1309,Aisha Suleiman,F,1941-08-23
1310,Aisha Adebayo,F,1978-04-24
1311,Adaobi Adeyemi,F,2018-10-19
1312,Wale Abubakar,M,1952-11-24
1313,Damilare Chukwu,M,1983-12-23
1314,Rukayat Lawal,F,1954-07-06
1315,Femi Suleiman,M,1973-06-09
1316,Emeka Ogundipe,M,1935-09-20
1317,Segun Aliyu,M,1960-09-14
1318,Yusuf Nnamdi,M,1943-06-11
1319,Adaeze Lawal,F,1974-05-18
1320,Ngozi Uzoma,F,2008-10-04
1321,Yetunde Ajayi,F,1965-03-28
1322,Titilayo Mohammed,F,1948-01-13
1323,Zainab Adebayo,F,1943-05-08
1324,Musa Adebayo,M,1983-01-31
1325,Funmilayo Okafor,F,1965-10-03
1326,Chiamaka Chukwu,F,1938-10-29
1327,Simisola Okeke,F,1961-05-16
1328,Adaeze Salihu,F,1985-02-19
1329,Adewale Emeka,M,1940-03-02
1330,Chukwuemeka Balogun,M,2010-01-15
1331,Chidi Bello,M,1954-06-17
1332,Titilayo Mohammed,F,1956-06-27
1333,Zainab Okonkwo,F,1973-06-28
1334,Emeka Fashola,M,2017-06-12
1335,Adaobi Obi,F,1940-01-16
1336,Suleiman Aliyu,M,2003-04-22
1337,Aisha Ogunleye,F,1953-04-20
1338,Blessing Eze,F,1954-11-02
1339,Kayode Sanni,M,1999-09-11
1340,Nnamdi Salihu,M,2025-04-03
1341,Abdullahi Okeke,M,1992-10-14
1342,Abdullahi Abubakar,M,2022-09-19
1343,Adaobi Uzoma,F,1938-02-17
1344,Ibrahim Ogunleye,M,1995-07-26
1345,Chibuzor Okeke,M,1938-01-14
1346,Uche Fashola,M,1953-03-13
1347,Zainab Okonkwo,F,1977-03-13
1348,Ayodele Afolabi,M,1957-06-08
1349,Uche Ibrahim,M,1948-04-24
1350,Chidi Ogundipe,M,1954-05-02
1351,Amina Ogunleye,F,1994-12-13
1352,Simisola Ogunleye,F,2016-05-10
1353,Ngozi Ajayi,F,1965-05-04
1354,Adaeze Okafor,F,1944-07-13
1355,Amina Ogunleye,F,1997-01-26
1356,Chibuzor Adebayo,M,1951-12-25
1357,Chibuzor Emeka,M,1993-03-18
1358,Nkechi Balogun,F,1942-05-06
1359,Adewale Nwosu,M,1968-12-23
1360,Emeka Obi,M,1949-11-02
1361,Abdullahi Adeyemi,M,1968-12-22
1362,Damilare Bello,M,1957-01-02
1363,Aisha Yakubu,F,2005-06-15
1364,Tunde Okeke,M,1972-04-08
1365,Aliyu Chukwu,M,1987-04-17
1366,Adewale Ogunleye,M,2023-05-13
1367,Damilare Ogunleye,M,1951-07-31
1368,Fatima Bello,F,1943-05-28
1369,Aisha Mohammed,F,1972-04-13
1370,Suleiman Ogunleye,M,2011-03-04
1371,Chioma Emeka,F,2011-10-10
1372,Chioma Okafor,F,2009-12-29
1373,Omolara Balogun,F,2023-09-02
1374,Zainab Adeyemi,F,1944-10-24
1375,Yetunde Nwosu,F,1939-09-10
1376,Musa Afolabi,M,1949-07-09
1377,Fatima Bello,F,1993-07-22
1378,Nkechi Lawal,F,1964-01-14
1379,Adewale Salihu,M,1988-02-07
1380,Bisi Chukwu,F,2005-02-04
1381,Chiamaka Ajayi,F,1950-01-11
1382,Bisi Ogundipe,F,1967-07-14
1383,Tunde Uzoma,M,1991-03-25
1384,Wale Adeyemi,M,1994-03-03
1385,Aliyu Yakubu,M,2025-10-26
1386,Ijeoma Ogundipe,F,1977-08-04
1387,Aliyu Sanni,M,1937-08-19
1388,Uche Ogundipe,M,1936-06-20
1389,Aliyu Mohammed,M,1936-04-26
1390,Halima Fashola,F,1990-01-28
1391,Femi Emeka,M,1974-01-20
1392,Damilare Uzoma,M,2007-11-07
1393,Wale Aliyu,M,1968-05-05
1394,Uche Ibrahim,M,1974-06-18
1395,Musa Balogun,M,1996-06-03
1396,Yusuf Onyeka,M,1966-03-13
1397,Omolara Ajayi,F,1989-03-17
1398,Uche Aliyu,M,1986-03-27
1399,Nkechi Sanni,F,2003-10-30
1400,Amina Abubakar,F,1948-04-27
1401,Tunde Ajayi,M,1953-03-08
1402,Yusuf Ajayi,M,1975-12-08
1403,Adaobi Aliyu,F,1973-10-16
1404,Uche Okafor,M,1947-03-25
1405,Abimbola Ogunleye,F,2006-03-11
1406,Abimbola Onyeka,F,1955-09-15
1407,Aliyu Uzoma,M,1964-06-26
1408,Zainab Chinedu,F,1962-06-01
1409,Halima Obi,F,1971-01-09
1410,Femi Ibrahim,M,1958-10-22
1411,Chidi Sanni,M,1948-09-16
1412,Musa Okeke,M,1958-10-13
1413,Abimbola Mohammed,F,2006-11-03
1414,Adewale Okonkwo,M,2017-08-08
1415,Chibuzor Ogunleye,M,1936-05-30
1416,Bisi Lawal,F,1947-12-18
1417,Ijeoma Salihu,F,1942-02-18
1418,Emeka Emeka,M,1989-03-28
1419,Abdullahi Eze,M,2023-09-20
1420,Adaobi Nnamdi,F,1984-10-26
1421,Hadiza Nnamdi,F,2009-12-20
1422,Hadiza Ajayi,F,1943-08-08
1423,Chioma Chukwu,F,2005-01-30
1424,Bisi Chukwu,F,2024-07-17
1425,Simisola Bello,F,2006-12-09
1426,Folasade Afolabi,F,1996-12-24
1427,Blessing Ajayi,F,1971-03-10
1428,Ngozi Okeke,F,1992-03-29
1429,Chioma Balogun,F,1953-04-15
1430,Funmilayo Bello,F,1978-06-22
1431,Adaeze Mohammed,F,1965-02-13
1432,Chibuzor Obi,M,2025-05-17
1433,Yetunde Eze,F,1958-06-12
1434,Blessing Balogun,F,1942-02-28
1435,Ijeoma Emeka,F,2025-07-27
1436,Abdullahi Nnamdi,M,1993-11-09
1437,Temitope Ogundipe,F,2016-02-02
1438,Kabiru Okeke,M,1985-06-18
1439,Emeka Nnamdi,M,1963-05-09
1440,Tunde Mohammed,M,1962-07-22
1441,Segun Mohammed,M,1952-02-15
1442,Emeka Balogun,M,1937-08-06
1443,Maryam Lawal,F,1951-03-21
1444,Adaobi Nwosu,F,1959-05-16
1445,Nnamdi Adeyemi,M,2001-08-08
1446,Ijeoma Emeka,F,1986-08-24
1447,Ijeoma Uzoma,F,1949-01-20
1448,Blessing Ajayi,F,2022-05-20
1449,Hadiza Ajayi,F,2009-09-12
1450,Ibrahim Obi,M,2025-01-12
1451,Yetunde Afolabi,F,2016-02-27
1452,Bashir Bello,M,2021-01-15
1453,Titilayo Suleiman,F,2014-05-02
1454,Nkechi Abubakar,F,1957-03-21
1455,Chidi Suleiman,M,1976-10-07
1456,Funmilayo Okeke,F,2016-03-24
1457,Omolara Okonkwo,F,1981-07-19
1458,Aisha Salihu,F,2013-07-24
1459,Zainab Ibrahim,F,1991-02-27
1460,Uche Ogundipe,M,1948-02-14
1461,Yusuf Adeyemi,M,1943-05-16
1462,Adaeze Adeyemi,F,1990-01-05
1463,Adaeze Chinedu,F,1986-08-01
1464,Ngozi Uzoma,F,1991-01-01
1465,Folasade Okeke,F,1956-11-03
1466,Obinna Okonkwo,M,1938-10-08
1467,Chioma Fashola,F,2005-12-17
1468,Uche Obi,M,1956-04-10
1469,Chidi Bello,M,1938-01-13
1470,Hadiza Uzoma,F,2024-10-16
1471,Tunde Okeke,M,1936-08-03
1472,Yusuf Chukwu,M,1937-06-14
1473,Chiamaka Emeka,F,1999-09-09
1474,Segun Balogun,M,2000-12-10
1475,Abimbola Yakubu,F,1987-08-30
1476,Omolara Obi,F,1961-12-21
1477,Yetunde Nnamdi,F,2020-04-19
1478,Abimbola Uzoma,F,1964-12-26
1479,Funmilayo Ogunleye,F,2010-03-05
1480,Aisha Uzoma,F,1937-03-07
1481,Ijeoma Emeka,F,1997-11-29
1482,Kabiru Emeka,M,2007-06-21
1483,Oluwaseun Afolabi,M,1957-08-30
1484,Hadiza Adeyemi,F,1982-10-21
1485,Folasade Abubakar,F,1941-11-22
1486,Chibuzor Okafor,M,2021-08-04
1487,Nkechi Ogunleye,F,2005-10-23
1488,Femi Okeke,M,1965-02-03
1489,Bashir Ibrahim,M,1979-01-14
1490,Bashir Salihu,M,1936-12-25
1491,Nkechi Sanni,F,1939-11-14
1492,Chiamaka Mohammed,F,1969-12-14
1493,Ikechukwu Mohammed,M,1946-04-03
1494,Femi Aliyu,M,1991-06-09
1495,Blessing Onyeka,F,1976-06-19
1496,Segun Abubakar,M,1994-07-26
1497,Adaobi Okafor,F,2025-06-29
1498,Adewale Balogun,M,1976-12-07
1499,Ijeoma Okonkwo,F,2009-06-28
1500,Obinna Obi,M,1969-01-12
