visit_id,patient_id,facility_id,department_id,attending_staff_id,appointment_id,visit_date,record_created_at,visit_type,violation_reasons
3,,FAC0452,1283,2590,,2026-02-15 12:00:00,2026-02-15 20:00:00,Inpatient,missing_patient_id
4,,FAC0340,886,1763,,2026-02-26 04:00:00,2026-02-26 10:00:00,Outpatient,missing_patient_id
6,1089,FAC9999,557,1103,,2026-01-02 05:00:00,2026-01-02 08:00:00,Outpatient,invalid_facility_code_not_in_reference
8,499,FAC9999,1208,2426,,2026-04-06 19:00:00,2026-04-06 23:00:00,Follow-up,invalid_facility_code_not_in_reference
9,998,FAC9999,1131,2262,,2026-06-04 01:00:00,2026-06-04 02:00:00,Outpatient,invalid_facility_code_not_in_reference
12,,FAC0328,1310,2647,,2026-05-12 23:00:00,2026-05-13 05:00:00,Emergency,missing_patient_id
15,480,FAC0561,1388,2795,,2026-04-09 20:00:00,2026-04-11 17:00:00,Follow-up,slo_breach_45.0h_gap
16,1095,FAC0089,1731,3472,,2026-03-14 10:00:00,2026-03-14 18:00:00,Unknown,invalid_visit_type
19,925,FAC1346,1258,2538,,2026-04-20 13:00:00,2026-04-20 21:00:00,Unknown,invalid_visit_type
20,,FAC1058,109,218,,2026-06-18 15:00:00,2026-06-18 23:00:00,Outpatient,missing_patient_id
21,55,FAC1454,237,475,,2026-02-10 17:00:00,2026-02-10 19:00:00,Unknown,invalid_visit_type
23,271,FAC9999,290,578,,2026-01-18 21:00:00,2026-01-18 23:00:00,Follow-up,invalid_facility_code_not_in_reference
24,1283,FAC0515,891,1772,,2026-06-24 14:00:00,2026-06-27 18:00:00,Follow-up,slo_breach_76.0h_gap
28,1050,FAC0933,1216,2444,,2026-04-17 07:00:00,2026-04-17 19:00:00,Unknown,invalid_visit_type
30,60,FAC0562,73,145,,2026-03-04 14:00:00,2026-03-08 14:00:00,Inpatient,slo_breach_96.0h_gap
32,1429,FAC1104,1314,2657,,2026-02-23 04:00:00,2026-02-26 04:00:00,Follow-up,slo_breach_72.0h_gap
34,428,FAC1182,1150,2303,,2026-05-03 17:00:00,2026-05-03 22:00:00,Unknown,invalid_visit_type
37,,FAC0866,74,148,,2026-07-19 08:00:00,2026-07-19 09:00:00,Follow-up,missing_patient_id
43,602,FAC9999,953,1896,,2026-04-20 05:00:00,2026-04-20 08:00:00,Emergency,invalid_facility_code_not_in_reference
44,1184,FAC1014,1526,3071,,2026-07-01 11:00:00,2026-07-04 07:00:00,Outpatient,slo_breach_68.0h_gap
46,266,FAC0073,1089,2180,,2026-04-18 10:00:00,2026-04-18 18:00:00,Unknown,invalid_visit_type
50,442,FAC9999,1099,2197,,2026-06-25 08:00:00,2026-06-25 11:00:00,Outpatient,invalid_facility_code_not_in_reference
52,302,FAC9999,343,683,,2026-03-16 15:00:00,2026-03-17 03:00:00,Outpatient,invalid_facility_code_not_in_reference
55,,FAC1260,43,90,,2026-06-16 19:00:00,2026-06-17 15:00:00,Inpatient,missing_patient_id
60,450,FAC0775,1183,2377,,2026-02-05 16:00:00,2026-02-06 00:00:00,Unknown,invalid_visit_type
61,232,FAC9999,7,16,,2026-02-05 04:00:00,2026-02-05 05:00:00,Outpatient,invalid_facility_code_not_in_reference
62,,FAC0391,1682,3368,,2026-05-13 09:00:00,2026-05-14 05:00:00,Emergency,missing_patient_id
65,,FAC0137,1786,3578,,2026-08-29 22:00:00,2026-08-30 18:00:00,Follow-up,missing_patient_id
69,1164,FAC9999,512,1011,,2026-08-02 01:00:00,2026-08-02 03:00:00,Inpatient,invalid_facility_code_not_in_reference
72,225,FAC1948,732,1454,,2026-03-30 16:00:00,2026-04-02 23:00:00,Outpatient,slo_breach_79.0h_gap
75,,FAC0382,444,882,,2026-04-14 12:00:00,2026-04-15 08:00:00,Emergency,missing_patient_id
77,1055,FAC1245,502,994,,2026-02-25 15:00:00,2026-02-25 20:00:00,Unknown,invalid_visit_type
80,,FAC0589,839,1676,,2026-08-04 14:00:00,2026-08-05 10:00:00,Emergency,missing_patient_id
85,730,FAC9999,820,1638,751,2026-02-21 21:00:00,2026-02-22 01:00:00,Inpatient,invalid_facility_code_not_in_reference
90,491,FAC9999,1799,3602,,2026-05-29 20:00:00,2026-05-30 16:00:00,Inpatient,invalid_facility_code_not_in_reference
93,677,FAC0786,1279,2580,,2026-07-28 08:00:00,2026-07-30 00:00:00,Follow-up,slo_breach_40.0h_gap
98,258,FAC1441,590,1168,,2026-04-05 09:00:00,2026-04-05 17:00:00,Unknown,invalid_visit_type
103,1027,FAC9999,1658,3324,,2026-02-05 10:00:00,2026-02-05 13:00:00,Follow-up,invalid_facility_code_not_in_reference
104,,FAC1618,1229,2470,,2026-02-20 00:00:00,2026-02-20 01:00:00,Outpatient,missing_patient_id
106,397,FAC0989,267,535,,2026-06-22 09:00:00,2026-06-24 11:00:00,Inpatient,slo_breach_50.0h_gap
109,,FAC0330,1273,2569,,2026-06-11 15:00:00,2026-06-11 17:00:00,Follow-up,missing_patient_id
110,1454,FAC1894,676,1348,,2026-04-22 11:00:00,2026-04-25 23:00:00,Follow-up,slo_breach_84.0h_gap
111,,FAC1654,1439,2900,,2026-03-17 01:00:00,2026-03-17 09:00:00,Inpatient,missing_patient_id
112,,FAC1472,357,711,,2026-01-05 00:00:00,2026-01-05 06:00:00,Inpatient,missing_patient_id
120,1033,FAC0212,55,117,,2026-02-04 12:00:00,2026-02-08 08:00:00,Inpatient,slo_breach_92.0h_gap
123,183,FAC9999,916,1823,,2026-01-28 09:00:00,2026-01-28 17:00:00,Follow-up,invalid_facility_code_not_in_reference
129,264,FAC0082,1257,2533,,2026-01-01 01:00:00,2026-01-01 02:00:00,Unknown,invalid_visit_type
131,773,FAC1252,1251,2519,,2026-03-23 02:00:00,2026-03-23 03:00:00,Unknown,invalid_visit_type
132,427,FAC0204,513,1013,,2026-05-07 03:00:00,2026-05-07 11:00:00,Unknown,invalid_visit_type
139,,FAC0599,1168,2342,,2026-08-25 08:00:00,2026-08-25 12:00:00,Follow-up,missing_patient_id
145,1124,FAC0786,1279,2582,,2026-06-22 23:00:00,2026-06-23 03:00:00,Unknown,invalid_visit_type
147,,FAC1240,1847,3698,,2026-05-23 18:00:00,2026-05-23 20:00:00,Emergency,missing_patient_id
149,730,FAC0670,1370,2765,,2026-01-08 23:00:00,2026-01-09 01:00:00,Unknown,invalid_visit_type
150,995,FAC9999,1523,3068,,2026-05-03 22:00:00,2026-05-04 00:00:00,Follow-up,invalid_facility_code_not_in_reference
154,,FAC1898,1746,3504,,2026-06-01 05:00:00,2026-06-01 08:00:00,Follow-up,missing_patient_id
155,891,FAC0260,807,1607,,2026-05-12 22:00:00,2026-05-15 03:00:00,Outpatient,slo_breach_53.0h_gap
156,1433,FAC0498,1070,2141,,2026-02-19 14:00:00,2026-02-22 23:00:00,Outpatient,slo_breach_81.0h_gap
157,810,FAC9999,1795,3592,,2026-02-13 05:00:00,2026-02-14 01:00:00,Outpatient,invalid_facility_code_not_in_reference
160,889,FAC0496,284,567,,2026-06-04 15:00:00,2026-06-04 23:00:00,Unknown,invalid_visit_type
161,1125,FAC9999,45,94,112,2026-02-18 17:00:00,2026-02-18 23:00:00,Outpatient,invalid_facility_code_not_in_reference
166,1328,FAC0945,151,303,,2026-08-04 09:00:00,2026-08-07 17:00:00,Follow-up,slo_breach_80.0h_gap
168,553,FAC9999,486,962,,2026-06-30 20:00:00,2026-06-30 23:00:00,Follow-up,invalid_facility_code_not_in_reference
171,1498,FAC0234,187,375,,2026-03-29 20:00:00,2026-03-29 21:00:00,Unknown,invalid_visit_type
174,,FAC1354,281,562,,2026-02-28 06:00:00,2026-02-28 14:00:00,Inpatient,missing_patient_id
176,86,FAC1916,1675,3354,,2026-07-20 15:00:00,2026-07-21 21:00:00,Outpatient,slo_breach_30.0h_gap
177,279,FAC0918,1772,3555,,2026-07-21 05:00:00,2026-07-21 13:00:00,Unknown,invalid_visit_type
180,1414,FAC9999,1671,3350,,2026-07-26 20:00:00,2026-07-27 01:00:00,Emergency,invalid_facility_code_not_in_reference
182,1476,FAC0351,90,178,,2026-05-19 15:00:00,2026-05-21 17:00:00,Emergency,slo_breach_50.0h_gap
183,,FAC1911,1214,2440,,2026-08-29 11:00:00,2026-08-29 15:00:00,Emergency,missing_patient_id
185,1053,FAC0439,656,1302,,2026-06-20 23:00:00,2026-06-23 10:00:00,Inpatient,slo_breach_59.0h_gap
187,328,FAC0775,1185,2380,678,2026-04-17 15:00:00,2026-04-17 19:00:00,Unknown,invalid_visit_type
191,1333,FAC1906,294,587,,2026-07-17 19:00:00,2026-07-20 14:00:00,Inpatient,slo_breach_67.0h_gap
192,1329,FAC0506,1235,2482,,2026-03-18 07:00:00,2026-03-21 04:00:00,Emergency,slo_breach_69.0h_gap
196,,FAC0706,362,719,,2026-08-23 19:00:00,2026-08-23 23:00:00,Outpatient,missing_patient_id
198,1209,FAC0755,1583,3181,,2026-03-11 20:00:00,2026-03-12 02:00:00,Unknown,invalid_visit_type
200,720,FAC9999,1051,2103,,2026-04-01 01:00:00,2026-04-01 04:00:00,Outpatient,invalid_facility_code_not_in_reference
202,430,FAC1545,575,1140,,2026-02-28 02:00:00,2026-02-28 05:00:00,Unknown,invalid_visit_type
203,543,FAC1170,1119,2236,,2026-06-25 21:00:00,2026-06-26 01:00:00,Unknown,invalid_visit_type
204,1007,FAC1224,1403,2825,,2026-08-08 10:00:00,2026-08-11 19:00:00,Outpatient,slo_breach_81.0h_gap
209,1418,FAC0248,205,412,,2026-05-15 11:00:00,2026-05-15 23:00:00,Unknown,invalid_visit_type
210,395,FAC0938,984,1966,,2026-07-03 21:00:00,2026-07-04 03:00:00,Unknown,invalid_visit_type
211,701,FAC1976,539,1068,,2026-03-08 20:00:00,2026-03-11 03:00:00,Outpatient,slo_breach_55.0h_gap
212,1237,FAC0991,1494,3008,,2026-01-21 18:00:00,2026-01-25 09:00:00,Emergency,slo_breach_87.0h_gap
214,1402,FAC0077,576,1141,,2026-06-26 14:00:00,2026-06-30 09:00:00,Follow-up,slo_breach_91.0h_gap
219,208,FAC1980,478,944,,2026-07-12 13:00:00,2026-07-12 14:00:00,Unknown,invalid_visit_type
225,257,FAC9999,1732,3475,,2026-06-30 23:00:00,2026-07-01 07:00:00,Follow-up,invalid_facility_code_not_in_reference
228,,FAC0844,1594,3203,,2026-03-16 20:00:00,2026-03-16 23:00:00,Outpatient,missing_patient_id
233,,FAC0114,1344,2713,,2026-06-01 00:00:00,2026-06-01 05:00:00,Emergency,missing_patient_id
237,,FAC1977,223,449,,2026-01-28 10:00:00,2026-01-28 11:00:00,Follow-up,missing_patient_id
240,,FAC0986,950,1887,,2026-02-06 21:00:00,2026-02-06 23:00:00,Outpatient,missing_patient_id
246,403,FAC2005,1630,3273,,2026-03-07 08:00:00,2026-03-09 12:00:00,Outpatient,slo_breach_52.0h_gap
251,1239,FAC9999,14,34,550,2026-07-04 06:00:00,2026-07-04 11:00:00,Follow-up,invalid_facility_code_not_in_reference
252,,FAC0491,1285,2595,,2026-06-23 11:00:00,2026-06-23 16:00:00,Outpatient,missing_patient_id
254,,FAC1973,81,160,,2026-08-01 17:00:00,2026-08-01 20:00:00,Follow-up,missing_patient_id
257,305,FAC9999,297,594,,2026-01-26 07:00:00,2026-01-27 03:00:00,Inpatient,invalid_facility_code_not_in_reference
258,484,FAC0375,668,1330,,2026-01-09 17:00:00,2026-01-09 21:00:00,Unknown,invalid_visit_type
263,378,FAC1499,899,1789,,2026-01-11 00:00:00,2026-01-13 00:00:00,Inpatient,slo_breach_48.0h_gap
264,527,FAC0945,151,304,,2026-07-03 03:00:00,2026-07-03 04:00:00,Unknown,invalid_visit_type
266,748,FAC0044,1054,2109,,2026-07-23 20:00:00,2026-07-25 14:00:00,Emergency,slo_breach_42.0h_gap
267,370,FAC1642,191,383,,2026-04-28 00:00:00,2026-04-28 20:00:00,Unknown,invalid_visit_type
268,,FAC0945,151,304,,2026-07-12 02:00:00,2026-07-12 07:00:00,Emergency,missing_patient_id
271,,FAC1341,850,1695,,2026-01-21 07:00:00,2026-01-21 19:00:00,Follow-up,missing_patient_id
272,,FAC0670,1370,2766,,2026-06-26 21:00:00,2026-06-27 17:00:00,Follow-up,missing_patient_id
273,290,FAC1224,1402,2823,278,2026-04-19 07:00:00,2026-04-19 13:00:00,Unknown,invalid_visit_type
276,401,FAC0932,181,362,,2026-08-05 16:00:00,2026-08-08 04:00:00,Emergency,slo_breach_60.0h_gap
278,,FAC0523,1252,2522,,2026-03-19 09:00:00,2026-03-19 17:00:00,Follow-up,missing_patient_id
280,,FAC1610,548,1088,,2026-01-19 14:00:00,2026-01-19 22:00:00,Outpatient,missing_patient_id
282,606,FAC0300,343,684,,2026-02-28 03:00:00,2026-02-28 11:00:00,Unknown,invalid_visit_type
283,852,FAC0882,381,753,,2026-05-03 00:00:00,2026-05-03 05:00:00,Unknown,invalid_visit_type
286,58,FAC0480,5,13,,2026-05-19 07:00:00,2026-05-19 19:00:00,Unknown,invalid_visit_type
290,90,FAC0995,122,248,,2026-01-13 12:00:00,2026-01-17 10:00:00,Outpatient,slo_breach_94.0h_gap
291,1113,FAC0299,153,307,,2026-02-13 04:00:00,2026-02-14 00:00:00,Unknown,invalid_visit_type
294,984,FAC0130,1592,3197,,2026-06-23 14:00:00,2026-06-27 11:00:00,Emergency,slo_breach_93.0h_gap
298,,FAC1134,961,1912,,2026-06-08 17:00:00,2026-06-08 19:00:00,Outpatient,missing_patient_id
302,,FAC0701,1393,2807,,2026-04-18 19:00:00,2026-04-19 00:00:00,Follow-up,missing_patient_id
305,342,FAC9999,988,1976,,2026-01-30 06:00:00,2026-01-30 07:00:00,Follow-up,invalid_facility_code_not_in_reference
306,873,FAC0890,145,292,,2026-03-31 06:00:00,2026-04-01 13:00:00,Outpatient,slo_breach_31.0h_gap
308,963,FAC9999,145,292,,2026-08-09 16:00:00,2026-08-09 22:00:00,Emergency,invalid_facility_code_not_in_reference
310,976,FAC1957,447,888,,2026-02-11 19:00:00,2026-02-12 01:00:00,Unknown,invalid_visit_type
312,481,FAC9999,1708,3425,,2026-06-03 18:00:00,2026-06-04 14:00:00,Outpatient,invalid_facility_code_not_in_reference
316,521,FAC9999,1182,2373,239,2026-05-07 13:00:00,2026-05-07 16:00:00,Outpatient,invalid_facility_code_not_in_reference
317,1441,FAC0683,1536,3091,,2026-06-30 06:00:00,2026-06-30 14:00:00,Unknown,invalid_visit_type
320,193,FAC1492,430,850,,2026-04-10 06:00:00,2026-04-13 10:00:00,Inpatient,slo_breach_76.0h_gap
323,1187,FAC0478,1666,3340,,2026-04-29 04:00:00,2026-04-29 09:00:00,Unknown,invalid_visit_type
325,1303,FAC0272,902,1796,699,2026-08-17 06:00:00,2026-08-17 12:00:00,Unknown,invalid_visit_type
329,23,FAC9999,1840,3687,,2026-08-24 05:00:00,2026-08-24 10:00:00,Inpatient,invalid_facility_code_not_in_reference
330,352,FAC0059,1223,2459,,2026-07-08 08:00:00,2026-07-08 10:00:00,Unknown,invalid_visit_type
332,,FAC0199,812,1617,,2026-08-19 00:00:00,2026-08-19 02:00:00,Outpatient,missing_patient_id
339,395,FAC1493,1695,3397,,2026-01-10 10:00:00,2026-01-14 07:00:00,Inpatient,slo_breach_93.0h_gap
342,,FAC1223,714,1424,,2026-03-10 05:00:00,2026-03-10 08:00:00,Outpatient,missing_patient_id
343,,FAC1068,1192,2397,,2026-05-03 12:00:00,2026-05-03 20:00:00,Follow-up,missing_patient_id
346,134,FAC9999,1564,3149,,2026-07-30 17:00:00,2026-07-30 21:00:00,Outpatient,invalid_facility_code_not_in_reference
352,,FAC0572,1771,3552,,2026-04-22 19:00:00,2026-04-23 00:00:00,Outpatient,missing_patient_id
354,1490,FAC1010,463,914,,2026-02-15 12:00:00,2026-02-15 15:00:00,Unknown,invalid_visit_type
356,,FAC0618,1086,2173,,2026-07-14 17:00:00,2026-07-15 13:00:00,Emergency,missing_patient_id
357,558,FAC1897,1143,2288,,2026-08-04 20:00:00,2026-08-08 15:00:00,Inpatient,slo_breach_91.0h_gap
359,661,FAC9999,384,759,,2026-08-03 15:00:00,2026-08-03 23:00:00,Emergency,invalid_facility_code_not_in_reference
360,530,FAC1973,81,159,,2026-02-01 17:00:00,2026-02-02 13:00:00,Unknown,invalid_visit_type
361,,FAC1538,6,15,,2026-07-24 18:00:00,2026-07-25 00:00:00,Emergency,missing_patient_id
362,1128,FAC9999,257,516,,2026-04-27 06:00:00,2026-04-27 11:00:00,Emergency,invalid_facility_code_not_in_reference
363,,FAC1648,1382,2786,,2026-06-15 12:00:00,2026-06-15 20:00:00,Follow-up,missing_patient_id
366,106,FAC1369,1100,2198,,2026-08-05 08:00:00,2026-08-08 01:00:00,Outpatient,slo_breach_65.0h_gap
371,1482,FAC1222,1058,2117,,2026-02-16 06:00:00,2026-02-16 11:00:00,Unknown,invalid_visit_type
373,570,FAC0708,36,76,,2026-07-14 00:00:00,2026-07-14 06:00:00,Unknown,invalid_visit_type
379,,FAC0598,1645,3300,,2026-04-20 23:00:00,2026-04-21 02:00:00,Follow-up,missing_patient_id
381,1325,FAC1134,961,1913,,2026-05-27 07:00:00,2026-05-27 15:00:00,Unknown,invalid_visit_type
386,,FAC1413,649,1287,,2026-07-14 15:00:00,2026-07-14 16:00:00,Inpatient,missing_patient_id
387,,FAC0068,721,1435,,2026-02-07 01:00:00,2026-02-07 05:00:00,Follow-up,missing_patient_id
388,520,FAC1422,394,778,,2026-06-24 09:00:00,2026-06-24 13:00:00,Unknown,invalid_visit_type
389,,FAC1386,754,1498,,2026-04-07 23:00:00,2026-04-08 03:00:00,Inpatient,missing_patient_id
391,901,FAC1303,690,1381,,2026-04-18 02:00:00,2026-04-18 14:00:00,Unknown,invalid_visit_type
394,279,FAC0179,1680,3364,,2026-03-04 12:00:00,2026-03-05 00:00:00,Unknown,invalid_visit_type
397,491,FAC9999,1220,2452,,2026-08-03 16:00:00,2026-08-03 22:00:00,Inpatient,invalid_facility_code_not_in_reference
402,912,FAC0310,1121,2240,,2026-02-21 09:00:00,2026-02-22 15:00:00,Outpatient,slo_breach_30.0h_gap
403,965,FAC0600,582,1154,,2026-06-16 06:00:00,2026-06-18 20:00:00,Outpatient,slo_breach_62.0h_gap
404,,FAC0431,1472,2963,,2026-07-03 01:00:00,2026-07-03 06:00:00,Outpatient,missing_patient_id
410,60,FAC0906,871,1736,631,2026-05-27 23:00:00,2026-05-28 01:00:00,Unknown,invalid_visit_type
412,162,FAC0129,148,297,,2026-06-26 19:00:00,2026-06-29 11:00:00,Follow-up,slo_breach_64.0h_gap
413,,FAC1294,1562,3145,,2026-01-23 17:00:00,2026-01-23 19:00:00,Emergency,missing_patient_id
416,191,FAC9999,1744,3500,,2026-06-14 20:00:00,2026-06-15 04:00:00,Follow-up,invalid_facility_code_not_in_reference
420,,FAC1583,981,1958,,2026-01-18 08:00:00,2026-01-18 11:00:00,Inpatient,missing_patient_id
421,475,FAC1767,1298,2624,,2026-07-06 05:00:00,2026-07-08 09:00:00,Follow-up,slo_breach_52.0h_gap
422,,FAC0573,791,1568,488,2026-01-05 10:00:00,2026-01-05 15:00:00,Follow-up,missing_patient_id
423,496,FAC0773,1278,2579,,2026-05-17 13:00:00,2026-05-19 05:00:00,Inpatient,slo_breach_40.0h_gap
424,,FAC2023,127,258,,2026-04-01 02:00:00,2026-04-01 06:00:00,Outpatient,missing_patient_id
427,1025,FAC1341,849,1693,,2026-02-12 08:00:00,2026-02-12 20:00:00,Unknown,invalid_visit_type
428,620,FAC9999,1632,3277,,2026-01-01 06:00:00,2026-01-01 12:00:00,Emergency,invalid_facility_code_not_in_reference
431,1397,FAC1193,1004,2008,,2026-07-13 13:00:00,2026-07-13 21:00:00,Unknown,invalid_visit_type
436,1274,FAC9999,1797,3599,,2026-07-18 17:00:00,2026-07-18 23:00:00,Inpatient,invalid_facility_code_not_in_reference
437,244,FAC1739,1301,2630,,2026-05-21 19:00:00,2026-05-24 20:00:00,Emergency,slo_breach_73.0h_gap
439,1388,FAC9999,1320,2666,640,2026-01-20 05:00:00,2026-01-21 01:00:00,Follow-up,invalid_facility_code_not_in_reference
441,1272,FAC9999,639,1266,,2026-02-25 17:00:00,2026-02-25 21:00:00,Outpatient,invalid_facility_code_not_in_reference
443,,FAC1543,1367,2760,,2026-05-17 02:00:00,2026-05-17 07:00:00,Follow-up,missing_patient_id
445,,FAC0965,1727,3465,,2026-06-26 19:00:00,2026-06-27 01:00:00,Follow-up,missing_patient_id
448,,FAC0345,168,335,,2026-07-05 12:00:00,2026-07-05 14:00:00,Inpatient,missing_patient_id
451,630,FAC9999,112,227,,2026-01-03 14:00:00,2026-01-04 02:00:00,Outpatient,invalid_facility_code_not_in_reference
454,1450,FAC1695,763,1515,,2026-03-02 23:00:00,2026-03-03 04:00:00,Unknown,invalid_visit_type
457,113,FAC1174,285,569,,2026-03-20 21:00:00,2026-03-22 17:00:00,Outpatient,slo_breach_44.0h_gap
459,1262,FAC9999,1294,2616,,2026-01-05 01:00:00,2026-01-05 21:00:00,Inpatient,invalid_facility_code_not_in_reference
466,1299,FAC0875,1243,2502,,2026-08-25 20:00:00,2026-08-26 02:00:00,Unknown,invalid_visit_type
468,299,FAC2039,293,585,,2026-01-12 20:00:00,2026-01-13 08:00:00,Unknown,invalid_visit_type
469,696,FAC0695,1051,2103,,2026-05-07 23:00:00,2026-05-11 04:00:00,Emergency,slo_breach_77.0h_gap
470,392,FAC9999,1510,3041,,2026-04-29 03:00:00,2026-04-29 06:00:00,Emergency,invalid_facility_code_not_in_reference
472,1049,FAC1006,1272,2565,371,2026-06-14 00:00:00,2026-06-16 10:00:00,Follow-up,slo_breach_58.0h_gap
475,978,FAC1916,1675,3354,,2026-04-26 12:00:00,2026-04-26 18:00:00,Unknown,invalid_visit_type
476,,FAC0114,1344,2712,,2026-03-07 02:00:00,2026-03-07 22:00:00,Emergency,missing_patient_id
477,,FAC1264,817,1631,,2026-03-08 06:00:00,2026-03-08 07:00:00,Outpatient,missing_patient_id
478,797,FAC1885,1703,3417,,2026-06-10 11:00:00,2026-06-10 19:00:00,Unknown,invalid_visit_type
486,504,FAC9999,1364,2754,,2026-02-13 22:00:00,2026-02-14 03:00:00,Emergency,invalid_facility_code_not_in_reference
488,1154,FAC0378,1519,3061,,2026-01-13 11:00:00,2026-01-13 15:00:00,Unknown,invalid_visit_type
492,1140,FAC9999,13,29,,2026-08-10 16:00:00,2026-08-11 12:00:00,Follow-up,invalid_facility_code_not_in_reference
494,1354,FAC2031,1293,2613,,2026-06-01 05:00:00,2026-06-02 20:00:00,Inpatient,slo_breach_39.0h_gap
497,86,FAC9999,385,760,,2026-08-18 16:00:00,2026-08-19 12:00:00,Emergency,invalid_facility_code_not_in_reference
498,,FAC1288,801,1591,,2026-03-18 21:00:00,2026-03-19 05:00:00,Follow-up,missing_patient_id
499,839,FAC0422,1713,3433,,2026-05-07 16:00:00,2026-05-11 09:00:00,Follow-up,slo_breach_89.0h_gap
500,664,FAC9999,511,1010,,2026-02-26 15:00:00,2026-02-26 20:00:00,Emergency,invalid_facility_code_not_in_reference
501,667,FAC1133,1082,2164,398,2026-03-27 04:00:00,2026-03-28 16:00:00,Inpatient,slo_breach_36.0h_gap
503,1453,FAC0452,1283,2591,,2026-06-03 20:00:00,2026-06-07 07:00:00,Follow-up,slo_breach_83.0h_gap
504,1101,FAC9999,503,998,,2026-04-28 08:00:00,2026-04-28 10:00:00,Outpatient,invalid_facility_code_not_in_reference
505,1303,FAC0178,1320,2666,,2026-05-15 12:00:00,2026-05-15 15:00:00,Unknown,invalid_visit_type
506,662,FAC9999,829,1655,,2026-08-03 23:00:00,2026-08-04 01:00:00,Follow-up,invalid_facility_code_not_in_reference
508,,FAC0309,1470,2958,,2026-07-16 11:00:00,2026-07-16 19:00:00,Emergency,missing_patient_id
509,229,FAC9999,1677,3358,,2026-04-14 14:00:00,2026-04-15 10:00:00,Follow-up,invalid_facility_code_not_in_reference
510,1480,FAC2008,437,865,,2026-08-22 01:00:00,2026-08-23 09:00:00,Emergency,slo_breach_32.0h_gap
514,576,FAC1526,974,1942,745,2026-05-19 23:00:00,2026-05-20 03:00:00,Unknown,invalid_visit_type
515,,FAC0347,1441,2905,,2026-02-12 15:00:00,2026-02-12 23:00:00,Follow-up,missing_patient_id
516,100,FAC1702,1037,2079,,2026-06-10 16:00:00,2026-06-10 21:00:00,Unknown,invalid_visit_type
520,1080,FAC1005,1487,2995,,2026-04-13 23:00:00,2026-04-17 00:00:00,Outpatient,slo_breach_73.0h_gap
524,99,FAC9999,257,515,,2026-03-27 23:00:00,2026-03-28 03:00:00,Follow-up,invalid_facility_code_not_in_reference
526,1415,FAC9999,1123,2244,,2026-07-01 16:00:00,2026-07-01 22:00:00,Follow-up,invalid_facility_code_not_in_reference
527,1284,FAC0916,832,1660,,2026-02-09 16:00:00,2026-02-12 22:00:00,Outpatient,slo_breach_78.0h_gap
531,533,FAC9999,780,1551,,2026-06-05 11:00:00,2026-06-05 19:00:00,Follow-up,invalid_facility_code_not_in_reference
534,1365,FAC9999,155,312,418,2026-08-17 18:00:00,2026-08-17 20:00:00,Outpatient,invalid_facility_code_not_in_reference
535,990,FAC9999,857,1709,,2026-04-05 02:00:00,2026-04-05 05:00:00,Emergency,invalid_facility_code_not_in_reference
537,206,FAC0381,1261,2545,,2026-08-23 08:00:00,2026-08-27 00:00:00,Inpatient,slo_breach_88.0h_gap
541,1255,FAC1593,1356,2739,,2026-06-16 22:00:00,2026-06-17 02:00:00,Unknown,invalid_visit_type
543,841,FAC9999,622,1231,737,2026-05-25 05:00:00,2026-05-25 08:00:00,Outpatient,invalid_facility_code_not_in_reference
544,,FAC1122,1554,3129,,2026-07-16 19:00:00,2026-07-16 20:00:00,Follow-up,missing_patient_id
549,1351,FAC9999,1536,3091,,2026-06-27 17:00:00,2026-06-28 05:00:00,Inpatient,invalid_facility_code_not_in_reference
554,,FAC0722,1001,2002,,2026-03-31 17:00:00,2026-03-31 18:00:00,Emergency,missing_patient_id
556,838,FAC1903,1231,2475,,2026-01-12 04:00:00,2026-01-13 00:00:00,Unknown,invalid_visit_type
562,86,FAC1456,1874,3752,,2026-07-02 06:00:00,2026-07-02 18:00:00,Unknown,invalid_visit_type
563,1463,FAC9999,694,1386,23,2026-04-14 01:00:00,2026-04-14 03:00:00,Follow-up,invalid_facility_code_not_in_reference
564,392,FAC1121,46,98,,2026-07-31 12:00:00,2026-07-31 14:00:00,Unknown,invalid_visit_type
566,215,FAC1227,1416,2852,,2026-07-11 01:00:00,2026-07-11 09:00:00,Unknown,invalid_visit_type
567,1324,FAC1272,1077,2155,,2026-05-28 01:00:00,2026-05-28 13:00:00,Unknown,invalid_visit_type
568,1224,FAC0443,1312,2652,,2026-05-16 10:00:00,2026-05-20 00:00:00,Outpatient,slo_breach_86.0h_gap
569,1442,FAC1577,744,1473,,2026-01-29 23:00:00,2026-02-02 08:00:00,Inpatient,slo_breach_81.0h_gap
570,1126,FAC0119,1247,2510,,2026-04-19 14:00:00,2026-04-22 03:00:00,Inpatient,slo_breach_61.0h_gap
571,406,FAC0924,655,1300,,2026-05-05 07:00:00,2026-05-06 16:00:00,Emergency,slo_breach_33.0h_gap
573,273,FAC9999,241,481,,2026-05-18 06:00:00,2026-05-18 11:00:00,Outpatient,invalid_facility_code_not_in_reference
576,635,FAC1091,1719,3446,,2026-05-07 20:00:00,2026-05-11 09:00:00,Inpatient,slo_breach_85.0h_gap
577,830,FAC9999,808,1609,722,2026-06-22 07:00:00,2026-06-22 13:00:00,Follow-up,invalid_facility_code_not_in_reference
578,1490,FAC1871,1336,2698,,2026-04-16 14:00:00,2026-04-18 22:00:00,Emergency,slo_breach_56.0h_gap
579,46,FAC0585,966,1923,,2026-06-30 21:00:00,2026-06-30 22:00:00,Unknown,invalid_visit_type
581,,FAC0044,1055,2112,,2026-07-31 00:00:00,2026-07-31 20:00:00,Inpatient,missing_patient_id
582,702,FAC9999,1837,3678,,2026-06-21 13:00:00,2026-06-21 17:00:00,Follow-up,invalid_facility_code_not_in_reference
583,1211,FAC0799,1521,3065,,2026-07-01 02:00:00,2026-07-02 11:00:00,Follow-up,slo_breach_33.0h_gap
585,341,FAC0850,1489,2998,,2026-03-09 20:00:00,2026-03-12 04:00:00,Emergency,slo_breach_56.0h_gap
587,683,FAC0292,1580,3177,,2026-04-11 10:00:00,2026-04-11 22:00:00,Unknown,invalid_visit_type
589,,FAC0417,697,1391,,2026-03-13 09:00:00,2026-03-13 11:00:00,Outpatient,missing_patient_id
590,200,FAC9999,968,1928,,2026-05-17 21:00:00,2026-05-18 03:00:00,Outpatient,invalid_facility_code_not_in_reference
594,205,FAC0926,1456,2931,,2026-07-19 08:00:00,2026-07-19 20:00:00,Unknown,invalid_visit_type
599,809,FAC1506,1660,3328,,2026-04-30 15:00:00,2026-05-04 13:00:00,Outpatient,slo_breach_94.0h_gap
601,1114,FAC1772,1834,3673,,2026-07-18 14:00:00,2026-07-18 22:00:00,Unknown,invalid_visit_type
604,578,FAC9999,74,146,,2026-05-15 16:00:00,2026-05-16 00:00:00,Outpatient,invalid_facility_code_not_in_reference
606,1375,FAC1394,416,824,,2026-04-10 09:00:00,2026-04-10 15:00:00,Unknown,invalid_visit_type
607,1260,FAC9999,476,938,,2026-04-30 09:00:00,2026-04-30 11:00:00,Outpatient,invalid_facility_code_not_in_reference
610,612,FAC1135,422,835,,2026-03-28 21:00:00,2026-03-28 23:00:00,Unknown,invalid_visit_type
616,868,FAC0693,211,425,,2026-07-08 00:00:00,2026-07-08 20:00:00,Unknown,invalid_visit_type
617,566,FAC9999,682,1359,,2026-01-03 04:00:00,2026-01-03 08:00:00,Inpatient,invalid_facility_code_not_in_reference
620,,FAC1842,840,1677,,2026-08-06 02:00:00,2026-08-06 14:00:00,Emergency,missing_patient_id
621,520,FAC9999,627,1244,,2026-05-27 06:00:00,2026-05-27 12:00:00,Outpatient,invalid_facility_code_not_in_reference
629,804,FAC1275,1817,3640,,2026-05-19 07:00:00,2026-05-22 00:00:00,Emergency,slo_breach_65.0h_gap
630,490,FAC0322,383,757,522,2026-04-09 17:00:00,2026-04-11 09:00:00,Outpatient,slo_breach_40.0h_gap
632,1367,FAC1830,1635,3282,,2026-08-08 01:00:00,2026-08-11 21:00:00,Follow-up,slo_breach_92.0h_gap
636,1024,FAC9999,616,1220,,2026-08-11 10:00:00,2026-08-11 12:00:00,Outpatient,invalid_facility_code_not_in_reference
637,,FAC0856,557,1103,,2026-08-18 17:00:00,2026-08-18 18:00:00,Emergency,missing_patient_id
644,307,FAC9999,864,1720,,2026-05-25 14:00:00,2026-05-25 17:00:00,Inpatient,invalid_facility_code_not_in_reference
645,1400,FAC0068,722,1439,,2026-03-17 16:00:00,2026-03-20 17:00:00,Emergency,slo_breach_73.0h_gap
646,1394,FAC1575,1778,3565,,2026-07-14 06:00:00,2026-07-14 07:00:00,Unknown,invalid_visit_type
649,448,FAC9999,130,262,,2026-02-03 13:00:00,2026-02-04 09:00:00,Follow-up,invalid_facility_code_not_in_reference
650,1280,FAC1653,61,127,436,2026-08-09 14:00:00,2026-08-10 02:00:00,Unknown,invalid_visit_type
653,1373,FAC0705,133,268,,2026-01-15 14:00:00,2026-01-15 18:00:00,Unknown,invalid_visit_type
656,336,FAC9999,371,737,,2026-02-19 21:00:00,2026-02-20 01:00:00,Outpatient,invalid_facility_code_not_in_reference
657,,FAC0309,1470,2958,,2026-06-07 18:00:00,2026-06-07 22:00:00,Emergency,missing_patient_id
660,705,FAC9999,1147,2297,,2026-02-03 06:00:00,2026-02-03 12:00:00,Follow-up,invalid_facility_code_not_in_reference
661,,FAC1193,1005,2010,,2026-07-19 04:00:00,2026-07-19 09:00:00,Outpatient,missing_patient_id
664,1089,FAC1824,527,1044,,2026-07-19 10:00:00,2026-07-22 09:00:00,Outpatient,slo_breach_71.0h_gap
669,,FAC1915,1017,2035,,2026-06-23 05:00:00,2026-06-23 06:00:00,Inpatient,missing_patient_id
670,1209,FAC9999,1352,2729,,2026-02-13 03:00:00,2026-02-13 07:00:00,Outpatient,invalid_facility_code_not_in_reference
671,985,FAC0042,1732,3475,,2026-08-19 02:00:00,2026-08-19 08:00:00,Unknown,invalid_visit_type
672,,FAC1975,1820,3647,,2026-06-01 18:00:00,2026-06-01 21:00:00,Follow-up,missing_patient_id
673,,FAC0756,1062,2126,,2026-02-10 16:00:00,2026-02-11 04:00:00,Inpatient,missing_patient_id
674,1433,FAC9999,1550,3120,,2026-03-06 05:00:00,2026-03-06 10:00:00,Emergency,invalid_facility_code_not_in_reference
675,838,FAC1656,1492,3004,,2026-05-28 03:00:00,2026-05-28 15:00:00,Unknown,invalid_visit_type
676,616,FAC0969,568,1124,,2026-04-20 00:00:00,2026-04-20 04:00:00,Unknown,invalid_visit_type
677,375,FAC9999,1422,2864,,2026-05-23 16:00:00,2026-05-23 17:00:00,Follow-up,invalid_facility_code_not_in_reference
679,999,FAC9999,981,1958,,2026-03-28 21:00:00,2026-03-28 23:00:00,Inpatient,invalid_facility_code_not_in_reference
683,552,FAC1318,102,203,,2026-04-17 04:00:00,2026-04-20 07:00:00,Emergency,slo_breach_75.0h_gap
685,1394,FAC0786,1279,2582,,2026-04-25 08:00:00,2026-04-28 20:00:00,Inpatient,slo_breach_84.0h_gap
686,,FAC1468,1548,3116,,2026-08-11 23:00:00,2026-08-12 07:00:00,Outpatient,missing_patient_id
688,28,FAC0621,371,737,,2026-04-06 16:00:00,2026-04-07 04:00:00,Unknown,invalid_visit_type
689,,FAC0665,1704,3418,,2026-05-23 06:00:00,2026-05-23 14:00:00,Outpatient,missing_patient_id
692,,FAC0451,143,289,,2026-06-19 17:00:00,2026-06-19 23:00:00,Outpatient,missing_patient_id
693,1299,FAC0629,1166,2336,,2026-01-02 03:00:00,2026-01-02 09:00:00,Unknown,invalid_visit_type
694,219,FAC0175,1352,2731,,2026-04-21 15:00:00,2026-04-22 03:00:00,Unknown,invalid_visit_type
696,1152,FAC9999,225,453,,2026-05-21 23:00:00,2026-05-22 05:00:00,Inpatient,invalid_facility_code_not_in_reference
701,1232,FAC0298,519,1027,,2026-01-05 14:00:00,2026-01-08 06:00:00,Follow-up,slo_breach_64.0h_gap
702,,FAC0856,557,1103,,2026-07-22 09:00:00,2026-07-22 12:00:00,Emergency,missing_patient_id
704,709,FAC9999,245,491,,2026-01-21 16:00:00,2026-01-22 12:00:00,Inpatient,invalid_facility_code_not_in_reference
706,1323,FAC9999,433,857,,2026-07-01 14:00:00,2026-07-02 02:00:00,Inpatient,invalid_facility_code_not_in_reference
713,965,FAC1504,540,1071,,2026-08-10 13:00:00,2026-08-10 14:00:00,Unknown,invalid_visit_type
721,374,FAC1342,1537,3092,,2026-03-21 02:00:00,2026-03-21 07:00:00,Unknown,invalid_visit_type
723,545,FAC9999,969,1932,,2026-08-24 19:00:00,2026-08-24 23:00:00,Inpatient,invalid_facility_code_not_in_reference
724,676,FAC1240,1847,3698,,2026-05-16 23:00:00,2026-05-17 04:00:00,Unknown,invalid_visit_type
725,,FAC1883,1501,3021,,2026-02-10 18:00:00,2026-02-11 14:00:00,Inpatient,missing_patient_id
726,1326,FAC1138,1564,3149,,2026-06-07 13:00:00,2026-06-09 17:00:00,Follow-up,slo_breach_52.0h_gap
727,977,FAC0309,1470,2959,,2026-04-01 07:00:00,2026-04-03 16:00:00,Inpatient,slo_breach_57.0h_gap
731,929,FAC9999,555,1101,,2026-01-18 20:00:00,2026-01-19 01:00:00,Emergency,invalid_facility_code_not_in_reference
734,821,FAC0942,235,470,,2026-05-07 19:00:00,2026-05-09 01:00:00,Outpatient,slo_breach_30.0h_gap
736,,FAC0615,563,1111,301,2026-05-31 00:00:00,2026-05-31 05:00:00,Emergency,missing_patient_id
741,1392,FAC0940,1182,2373,,2026-01-13 05:00:00,2026-01-17 03:00:00,Follow-up,slo_breach_94.0h_gap
742,,FAC0969,568,1124,,2026-02-09 09:00:00,2026-02-09 21:00:00,Emergency,missing_patient_id
743,1298,FAC1074,41,86,,2026-05-18 11:00:00,2026-05-18 15:00:00,Unknown,invalid_visit_type
745,149,FAC9999,1730,3470,,2026-01-13 04:00:00,2026-01-13 08:00:00,Inpatient,invalid_facility_code_not_in_reference
754,,FAC1161,616,1220,,2026-08-08 10:00:00,2026-08-08 16:00:00,Follow-up,missing_patient_id
756,569,FAC9999,1850,3704,,2026-03-04 00:00:00,2026-03-04 08:00:00,Outpatient,invalid_facility_code_not_in_reference
757,841,FAC9999,1393,2807,,2026-08-05 02:00:00,2026-08-05 22:00:00,Emergency,invalid_facility_code_not_in_reference
759,2,FAC9999,1647,3305,,2026-04-22 02:00:00,2026-04-22 08:00:00,Outpatient,invalid_facility_code_not_in_reference
762,159,FAC0441,1655,3318,,2026-02-18 21:00:00,2026-02-19 01:00:00,Unknown,invalid_visit_type
767,498,FAC9999,719,1431,,2026-05-14 03:00:00,2026-05-14 11:00:00,Follow-up,invalid_facility_code_not_in_reference
768,1098,FAC0731,1324,2674,,2026-04-01 02:00:00,2026-04-03 21:00:00,Emergency,slo_breach_67.0h_gap
770,,FAC0169,618,1222,,2026-05-18 05:00:00,2026-05-18 13:00:00,Follow-up,missing_patient_id
771,1074,FAC9999,320,638,,2026-01-04 15:00:00,2026-01-04 18:00:00,Follow-up,invalid_facility_code_not_in_reference
772,4,FAC1622,291,580,,2026-06-13 17:00:00,2026-06-13 19:00:00,Unknown,invalid_visit_type
773,317,FAC9999,838,1674,,2026-02-19 14:00:00,2026-02-19 18:00:00,Emergency,invalid_facility_code_not_in_reference
779,,FAC0614,841,1678,,2026-08-11 17:00:00,2026-08-11 23:00:00,Follow-up,missing_patient_id
784,67,FAC9999,1346,2718,,2026-03-31 16:00:00,2026-03-31 22:00:00,Follow-up,invalid_facility_code_not_in_reference
792,,FAC1713,1249,2513,,2026-08-24 17:00:00,2026-08-24 21:00:00,Follow-up,missing_patient_id
795,578,FAC0255,372,738,,2026-05-15 07:00:00,2026-05-19 03:00:00,Outpatient,slo_breach_92.0h_gap
797,630,FAC9999,1154,2313,,2026-08-28 07:00:00,2026-08-28 08:00:00,Follow-up,invalid_facility_code_not_in_reference
800,399,FAC1207,1300,2628,,2026-01-26 16:00:00,2026-01-29 10:00:00,Inpatient,slo_breach_66.0h_gap
802,340,FAC1538,7,16,,2026-03-05 01:00:00,2026-03-08 06:00:00,Inpatient,slo_breach_77.0h_gap
803,,FAC1493,1695,3398,,2026-04-06 12:00:00,2026-04-07 00:00:00,Follow-up,missing_patient_id
804,210,FAC1035,1602,3218,,2026-04-03 02:00:00,2026-04-06 08:00:00,Outpatient,slo_breach_78.0h_gap
805,538,FAC1468,1548,3116,,2026-08-25 16:00:00,2026-08-25 19:00:00,Unknown,invalid_visit_type
806,,FAC1628,622,1231,,2026-04-14 13:00:00,2026-04-14 14:00:00,Outpatient,missing_patient_id
807,369,FAC9999,1594,3204,,2026-05-29 04:00:00,2026-05-29 16:00:00,Emergency,invalid_facility_code_not_in_reference
808,,FAC0529,1440,2904,,2026-06-12 19:00:00,2026-06-12 20:00:00,Follow-up,missing_patient_id
810,1253,FAC1948,730,1452,,2026-08-01 17:00:00,2026-08-01 22:00:00,Unknown,invalid_visit_type
811,,FAC0544,558,1104,,2026-02-07 05:00:00,2026-02-07 10:00:00,Inpatient,missing_patient_id
816,249,FAC9999,1470,2959,,2026-07-15 07:00:00,2026-07-15 15:00:00,Outpatient,invalid_facility_code_not_in_reference
818,,FAC1232,1556,3132,,2026-07-25 19:00:00,2026-07-25 22:00:00,Emergency,missing_patient_id
819,775,FAC9999,1589,3193,,2026-06-23 19:00:00,2026-06-23 22:00:00,Emergency,invalid_facility_code_not_in_reference
820,996,FAC0019,1358,2741,,2026-05-24 17:00:00,2026-05-24 21:00:00,Unknown,invalid_visit_type
821,,FAC0577,121,245,,2026-03-09 02:00:00,2026-03-09 07:00:00,Outpatient,missing_patient_id
822,143,FAC0889,364,724,,2026-01-27 03:00:00,2026-01-30 09:00:00,Outpatient,slo_breach_78.0h_gap
824,1303,FAC9999,580,1150,,2026-04-24 18:00:00,2026-04-24 19:00:00,Emergency,invalid_facility_code_not_in_reference
827,,FAC1610,547,1086,,2026-04-28 16:00:00,2026-04-28 20:00:00,Outpatient,missing_patient_id
828,406,FAC1074,41,85,,2026-03-09 11:00:00,2026-03-13 08:00:00,Emergency,slo_breach_93.0h_gap
829,971,FAC1445,580,1150,,2026-07-15 04:00:00,2026-07-16 23:00:00,Emergency,slo_breach_43.0h_gap
831,456,FAC1317,49,104,,2026-08-08 14:00:00,2026-08-09 20:00:00,Emergency,slo_breach_30.0h_gap
832,1285,FAC2037,1161,2328,,2026-06-07 16:00:00,2026-06-08 04:00:00,Unknown,invalid_visit_type
834,1260,FAC0342,1398,2815,,2026-01-23 05:00:00,2026-01-24 20:00:00,Emergency,slo_breach_39.0h_gap
837,1002,FAC0354,645,1279,,2026-03-03 02:00:00,2026-03-03 03:00:00,Unknown,invalid_visit_type
838,1094,FAC1317,49,103,485,2026-06-14 10:00:00,2026-06-16 09:00:00,Follow-up,slo_breach_47.0h_gap
839,194,FAC9999,1468,2955,,2026-03-24 07:00:00,2026-03-24 15:00:00,Outpatient,invalid_facility_code_not_in_reference
840,592,FAC1697,723,1441,,2026-01-16 08:00:00,2026-01-16 20:00:00,Unknown,invalid_visit_type
841,1068,FAC9999,1796,3595,,2026-04-29 19:00:00,2026-04-30 00:00:00,Follow-up,invalid_facility_code_not_in_reference
843,143,FAC1134,961,1913,,2026-01-04 20:00:00,2026-01-08 17:00:00,Follow-up,slo_breach_93.0h_gap
844,,FAC1203,1516,3054,,2026-01-14 14:00:00,2026-01-15 02:00:00,Outpatient,missing_patient_id
846,635,FAC9999,1080,2162,,2026-02-20 06:00:00,2026-02-20 07:00:00,Follow-up,invalid_facility_code_not_in_reference
849,49,FAC9999,1157,2319,,2026-08-25 02:00:00,2026-08-25 07:00:00,Emergency,invalid_facility_code_not_in_reference
850,177,FAC9999,541,1072,208,2026-04-02 10:00:00,2026-04-02 18:00:00,Follow-up,invalid_facility_code_not_in_reference
854,433,FAC0683,1536,3091,,2026-03-01 11:00:00,2026-03-02 17:00:00,Outpatient,slo_breach_30.0h_gap
855,114,FAC0097,1654,3317,,2026-06-08 22:00:00,2026-06-09 01:00:00,Unknown,invalid_visit_type
857,1257,FAC1938,1809,3623,,2026-06-15 14:00:00,2026-06-15 18:00:00,Unknown,invalid_visit_type
858,931,FAC1456,1876,3755,,2026-05-26 09:00:00,2026-05-28 23:00:00,Inpatient,slo_breach_62.0h_gap
860,,FAC1019,1481,2982,,2026-08-05 16:00:00,2026-08-06 00:00:00,Emergency,missing_patient_id
863,161,FAC9999,1313,2655,,2026-03-12 18:00:00,2026-03-12 22:00:00,Outpatient,invalid_facility_code_not_in_reference
864,,FAC1315,1691,3388,38,2026-04-23 01:00:00,2026-04-23 09:00:00,Outpatient,missing_patient_id
866,655,FAC9999,1545,3109,,2026-06-05 04:00:00,2026-06-05 06:00:00,Outpatient,invalid_facility_code_not_in_reference
868,,FAC1390,1762,3534,,2026-04-11 09:00:00,2026-04-11 17:00:00,Inpatient,missing_patient_id
870,607,FAC0234,188,378,,2026-06-10 20:00:00,2026-06-12 20:00:00,Emergency,slo_breach_48.0h_gap
872,271,FAC0875,1243,2502,,2026-06-28 03:00:00,2026-06-29 12:00:00,Follow-up,slo_breach_33.0h_gap
876,670,FAC9999,1535,3090,,2026-01-19 13:00:00,2026-01-19 15:00:00,Follow-up,invalid_facility_code_not_in_reference
877,1151,FAC0597,354,706,,2026-07-21 08:00:00,2026-07-22 04:00:00,Unknown,invalid_visit_type
881,262,FAC0515,891,1772,,2026-06-22 06:00:00,2026-06-22 08:00:00,Unknown,invalid_visit_type
884,859,FAC1593,1356,2739,,2026-06-05 04:00:00,2026-06-05 07:00:00,Unknown,invalid_visit_type
885,1087,FAC0347,1441,2905,,2026-02-04 04:00:00,2026-02-06 13:00:00,Follow-up,slo_breach_57.0h_gap
886,168,FAC1518,392,776,,2026-07-06 12:00:00,2026-07-06 17:00:00,Unknown,invalid_visit_type
887,,FAC1657,898,1787,,2026-06-13 20:00:00,2026-06-14 00:00:00,Outpatient,missing_patient_id
889,,FAC0366,792,1570,,2026-03-23 20:00:00,2026-03-23 22:00:00,Follow-up,missing_patient_id
892,704,FAC1086,1843,3692,,2026-07-21 17:00:00,2026-07-25 02:00:00,Follow-up,slo_breach_81.0h_gap
897,1441,FAC0813,1435,2892,,2026-05-19 13:00:00,2026-05-21 01:00:00,Outpatient,slo_breach_36.0h_gap
905,845,FAC1967,219,443,,2026-08-15 23:00:00,2026-08-17 12:00:00,Follow-up,slo_breach_37.0h_gap
907,,FAC1103,139,279,,2026-02-14 19:00:00,2026-02-15 01:00:00,Emergency,missing_patient_id
910,1186,FAC9999,1602,3218,,2026-07-15 11:00:00,2026-07-15 13:00:00,Inpatient,invalid_facility_code_not_in_reference
912,,FAC0995,122,248,,2026-02-25 12:00:00,2026-02-26 00:00:00,Outpatient,missing_patient_id
913,1456,FAC0979,400,789,,2026-04-19 04:00:00,2026-04-19 10:00:00,Unknown,invalid_visit_type
919,351,FAC9999,411,812,429,2026-01-29 01:00:00,2026-01-29 13:00:00,Inpatient,invalid_facility_code_not_in_reference
920,,FAC1147,156,313,,2026-04-23 07:00:00,2026-04-23 15:00:00,Emergency,missing_patient_id
923,605,FAC1233,1030,2063,,2026-05-20 15:00:00,2026-05-20 20:00:00,Unknown,invalid_visit_type
925,811,FAC9999,1182,2373,,2026-01-17 05:00:00,2026-01-17 11:00:00,Emergency,invalid_facility_code_not_in_reference
926,188,FAC1607,611,1209,,2026-07-01 00:00:00,2026-07-01 01:00:00,Unknown,invalid_visit_type
927,166,FAC1783,1672,3351,,2026-05-12 03:00:00,2026-05-12 08:00:00,Unknown,invalid_visit_type
928,264,FAC9999,1331,2689,,2026-04-20 05:00:00,2026-04-20 09:00:00,Outpatient,invalid_facility_code_not_in_reference
929,,FAC0071,25,56,,2026-01-03 14:00:00,2026-01-03 17:00:00,Inpatient,missing_patient_id
934,852,FAC9999,1645,3301,,2026-04-12 07:00:00,2026-04-12 09:00:00,Follow-up,invalid_facility_code_not_in_reference
935,,FAC0283,1572,3165,84,2026-08-03 17:00:00,2026-08-04 05:00:00,Emergency,missing_patient_id
937,,FAC0164,511,1010,,2026-01-05 12:00:00,2026-01-05 14:00:00,Follow-up,missing_patient_id
938,,FAC1948,730,1452,,2026-04-29 00:00:00,2026-04-29 01:00:00,Emergency,missing_patient_id
940,834,FAC0528,912,1815,,2026-02-06 18:00:00,2026-02-07 02:00:00,Unknown,invalid_visit_type
941,8,FAC0586,960,1909,,2026-02-03 09:00:00,2026-02-07 04:00:00,Outpatient,slo_breach_91.0h_gap
943,1497,FAC9999,182,364,,2026-07-17 06:00:00,2026-07-17 08:00:00,Emergency,invalid_facility_code_not_in_reference
944,333,FAC9999,1566,3151,,2026-03-26 11:00:00,2026-03-26 14:00:00,Inpatient,invalid_facility_code_not_in_reference
947,717,FAC9999,431,853,,2026-07-09 01:00:00,2026-07-09 06:00:00,Follow-up,invalid_facility_code_not_in_reference
950,,FAC1441,590,1168,,2026-04-22 05:00:00,2026-04-22 17:00:00,Follow-up,missing_patient_id
953,,FAC0057,38,79,,2026-07-25 17:00:00,2026-07-26 13:00:00,Outpatient,missing_patient_id
954,1215,FAC0765,1321,2667,775,2026-01-31 17:00:00,2026-02-03 21:00:00,Outpatient,slo_breach_76.0h_gap
955,634,FAC0814,1497,3014,269,2026-08-19 04:00:00,2026-08-23 00:00:00,Inpatient,slo_breach_92.0h_gap
958,,FAC0031,591,1170,,2026-06-03 19:00:00,2026-06-03 21:00:00,Outpatient,missing_patient_id
959,,FAC0773,1278,2579,,2026-06-01 17:00:00,2026-06-01 21:00:00,Outpatient,missing_patient_id
960,626,FAC9999,1326,2677,,2026-04-30 13:00:00,2026-04-30 16:00:00,Follow-up,invalid_facility_code_not_in_reference
961,,FAC0905,1648,3306,,2026-07-16 21:00:00,2026-07-16 23:00:00,Outpatient,missing_patient_id
964,421,FAC9999,220,444,,2026-04-08 22:00:00,2026-04-09 18:00:00,Follow-up,invalid_facility_code_not_in_reference
967,,FAC1983,11,25,,2026-03-13 12:00:00,2026-03-13 14:00:00,Outpatient,missing_patient_id
973,1427,FAC0568,738,1463,,2026-01-14 22:00:00,2026-01-14 23:00:00,Unknown,invalid_visit_type
975,948,FAC9999,577,1144,,2026-08-19 20:00:00,2026-08-20 01:00:00,Emergency,invalid_facility_code_not_in_reference
976,226,FAC1729,507,1005,,2026-04-26 12:00:00,2026-04-30 01:00:00,Follow-up,slo_breach_85.0h_gap
977,790,FAC0307,256,514,,2026-07-17 10:00:00,2026-07-18 17:00:00,Inpatient,slo_breach_31.0h_gap
978,,FAC0060,549,1090,,2026-05-26 03:00:00,2026-05-26 11:00:00,Outpatient,missing_patient_id
982,644,FAC0582,947,1880,,2026-05-10 07:00:00,2026-05-11 18:00:00,Emergency,slo_breach_35.0h_gap
983,,FAC0241,780,1550,39,2026-05-22 02:00:00,2026-05-22 10:00:00,Follow-up,missing_patient_id
984,634,FAC0273,980,1956,,2026-03-20 21:00:00,2026-03-23 05:00:00,Follow-up,slo_breach_56.0h_gap
986,795,FAC1960,870,1735,,2026-08-14 21:00:00,2026-08-17 10:00:00,Emergency,slo_breach_61.0h_gap
988,1196,FAC1697,723,1441,,2026-02-08 06:00:00,2026-02-10 23:00:00,Emergency,slo_breach_65.0h_gap
990,1136,FAC9999,245,491,,2026-06-24 01:00:00,2026-06-24 04:00:00,Inpatient,invalid_facility_code_not_in_reference
991,284,FAC0308,163,326,,2026-07-25 12:00:00,2026-07-28 15:00:00,Inpatient,slo_breach_75.0h_gap
994,263,FAC1041,265,529,,2026-03-10 15:00:00,2026-03-11 03:00:00,Unknown,invalid_visit_type
997,,FAC2012,1724,3458,,2026-01-11 13:00:00,2026-01-11 15:00:00,Follow-up,missing_patient_id
999,562,FAC0102,1059,2119,,2026-07-24 12:00:00,2026-07-26 20:00:00,Inpatient,slo_breach_56.0h_gap
1001,1387,FAC0515,891,1773,,2026-07-13 00:00:00,2026-07-13 08:00:00,Unknown,invalid_visit_type
1003,,FAC2032,1642,3295,,2026-06-16 07:00:00,2026-06-16 08:00:00,Emergency,missing_patient_id
1004,607,FAC1461,719,1431,,2026-04-18 17:00:00,2026-04-18 23:00:00,Unknown,invalid_visit_type
1005,9,FAC1382,1259,2540,,2026-04-05 11:00:00,2026-04-05 17:00:00,Unknown,invalid_visit_type
1013,,FAC0746,119,241,,2026-04-06 10:00:00,2026-04-06 11:00:00,Follow-up,missing_patient_id
1014,938,FAC1642,190,381,,2026-01-10 13:00:00,2026-01-11 01:00:00,Unknown,invalid_visit_type
1015,,FAC0042,1732,3476,,2026-03-29 21:00:00,2026-03-29 23:00:00,Inpatient,missing_patient_id
1016,115,FAC9999,69,139,,2026-05-30 06:00:00,2026-05-30 11:00:00,Emergency,invalid_facility_code_not_in_reference
1018,235,FAC9999,1722,3453,,2026-02-16 23:00:00,2026-02-17 01:00:00,Inpatient,invalid_facility_code_not_in_reference
1021,,FAC0369,4,9,,2026-01-07 15:00:00,2026-01-07 17:00:00,Inpatient,missing_patient_id
1024,573,FAC9999,1399,2817,,2026-04-27 01:00:00,2026-04-27 07:00:00,Emergency,invalid_facility_code_not_in_reference
1026,342,FAC0661,1474,2968,,2026-08-27 04:00:00,2026-08-27 05:00:00,Unknown,invalid_visit_type
1030,1188,FAC9999,940,1869,,2026-02-05 23:00:00,2026-02-06 04:00:00,Follow-up,invalid_facility_code_not_in_reference
1037,1260,FAC9999,269,540,,2026-05-09 19:00:00,2026-05-10 07:00:00,Inpatient,invalid_facility_code_not_in_reference
1039,301,FAC0721,955,1898,,2026-06-25 23:00:00,2026-06-29 16:00:00,Follow-up,slo_breach_89.0h_gap
1042,793,FAC0169,618,1223,,2026-07-03 12:00:00,2026-07-06 11:00:00,Outpatient,slo_breach_71.0h_gap
1044,967,FAC1069,562,1110,,2026-08-03 11:00:00,2026-08-05 09:00:00,Inpatient,slo_breach_46.0h_gap
1045,1194,FAC9999,871,1736,,2026-02-18 03:00:00,2026-02-18 06:00:00,Emergency,invalid_facility_code_not_in_reference
1046,1141,FAC9999,250,502,,2026-04-03 07:00:00,2026-04-03 13:00:00,Emergency,invalid_facility_code_not_in_reference
1048,41,FAC9999,1043,2088,,2026-04-23 00:00:00,2026-04-23 02:00:00,Follow-up,invalid_facility_code_not_in_reference
1050,211,FAC0196,1646,3302,,2026-02-13 01:00:00,2026-02-13 13:00:00,Unknown,invalid_visit_type
1051,,FAC1631,1219,2451,,2026-01-15 15:00:00,2026-01-15 20:00:00,Outpatient,missing_patient_id
1053,777,FAC0310,1121,2241,,2026-06-29 04:00:00,2026-06-29 09:00:00,Unknown,invalid_visit_type
1054,,FAC1147,156,314,,2026-03-25 02:00:00,2026-03-25 04:00:00,Outpatient,missing_patient_id
1057,362,FAC9999,1358,2742,,2026-04-06 01:00:00,2026-04-06 04:00:00,Emergency,invalid_facility_code_not_in_reference
1058,592,FAC9999,1249,2514,,2026-05-02 05:00:00,2026-05-02 09:00:00,Inpatient,invalid_facility_code_not_in_reference
1059,168,FAC1862,57,120,,2026-06-22 05:00:00,2026-06-22 17:00:00,Unknown,invalid_visit_type
1060,,FAC2044,1709,3426,680,2026-06-04 15:00:00,2026-06-04 20:00:00,Follow-up,missing_patient_id
1064,577,FAC1810,104,207,,2026-04-14 09:00:00,2026-04-14 11:00:00,Unknown,invalid_visit_type
1067,868,FAC9999,1474,2968,,2026-07-09 18:00:00,2026-07-10 06:00:00,Follow-up,invalid_facility_code_not_in_reference
1068,,FAC1808,995,1991,,2026-06-23 12:00:00,2026-06-23 13:00:00,Emergency,missing_patient_id
1072,692,FAC2038,389,771,,2026-04-13 05:00:00,2026-04-16 02:00:00,Outpatient,slo_breach_69.0h_gap
1073,729,FAC1932,1265,2552,,2026-03-07 08:00:00,2026-03-10 15:00:00,Outpatient,slo_breach_79.0h_gap
1077,1436,FAC9999,1718,3445,,2026-04-06 22:00:00,2026-04-07 00:00:00,Emergency,invalid_facility_code_not_in_reference
1080,1025,FAC1777,221,446,,2026-02-23 01:00:00,2026-02-23 13:00:00,Unknown,invalid_visit_type
1084,1177,FAC0210,1541,3099,,2026-08-11 15:00:00,2026-08-12 11:00:00,Unknown,invalid_visit_type
1087,604,FAC1675,9,20,,2026-05-30 07:00:00,2026-05-30 19:00:00,Unknown,invalid_visit_type
1090,,FAC1628,622,1231,,2026-07-27 08:00:00,2026-07-27 14:00:00,Inpatient,missing_patient_id
1091,371,FAC0599,1168,2342,,2026-04-25 13:00:00,2026-04-28 12:00:00,Follow-up,slo_breach_71.0h_gap
1092,1110,FAC9999,1107,2212,,2026-04-29 15:00:00,2026-04-29 21:00:00,Emergency,invalid_facility_code_not_in_reference
1093,675,FAC0164,510,1009,,2026-03-08 14:00:00,2026-03-10 10:00:00,Outpatient,slo_breach_44.0h_gap
1095,7,FAC1007,777,1545,,2026-03-26 19:00:00,2026-03-29 08:00:00,Inpatient,slo_breach_61.0h_gap
1097,511,FAC0332,700,1397,,2026-06-04 00:00:00,2026-06-04 02:00:00,Unknown,invalid_visit_type
1098,571,FAC0283,1573,3166,423,2026-05-16 09:00:00,2026-05-20 01:00:00,Follow-up,slo_breach_88.0h_gap
1099,497,FAC0149,1132,2264,,2026-07-04 21:00:00,2026-07-07 13:00:00,Follow-up,slo_breach_64.0h_gap
1101,271,FAC9999,1320,2666,,2026-08-24 07:00:00,2026-08-24 08:00:00,Follow-up,invalid_facility_code_not_in_reference
1103,,FAC0842,1636,3284,,2026-01-27 12:00:00,2026-01-27 13:00:00,Inpatient,missing_patient_id
1107,722,FAC1248,857,1709,,2026-02-18 02:00:00,2026-02-18 04:00:00,Unknown,invalid_visit_type
1108,157,FAC9999,1173,2353,,2026-05-20 22:00:00,2026-05-20 23:00:00,Follow-up,invalid_facility_code_not_in_reference
1111,,FAC1271,1169,2343,,2026-05-12 12:00:00,2026-05-12 20:00:00,Inpatient,missing_patient_id
1113,1288,FAC0481,304,609,,2026-06-24 16:00:00,2026-06-24 19:00:00,Unknown,invalid_visit_type
1114,,FAC1448,263,527,,2026-08-23 21:00:00,2026-08-24 17:00:00,Follow-up,missing_patient_id
1118,92,FAC9999,287,573,,2026-01-21 21:00:00,2026-01-22 01:00:00,Inpatient,invalid_facility_code_not_in_reference
1121,601,FAC1757,1848,3699,,2026-07-21 14:00:00,2026-07-22 02:00:00,Unknown,invalid_visit_type
1122,876,FAC0368,257,516,,2026-06-29 21:00:00,2026-07-03 16:00:00,Inpatient,slo_breach_91.0h_gap
1123,295,FAC1668,880,1751,,2026-04-29 23:00:00,2026-05-03 06:00:00,Outpatient,slo_breach_79.0h_gap
1125,,FAC0044,1054,2108,,2026-04-23 02:00:00,2026-04-23 03:00:00,Follow-up,missing_patient_id
1126,1364,FAC9999,333,665,,2026-02-28 07:00:00,2026-02-28 12:00:00,Emergency,invalid_facility_code_not_in_reference
1127,1304,FAC9999,1525,3070,,2026-04-05 15:00:00,2026-04-05 19:00:00,Emergency,invalid_facility_code_not_in_reference
1129,,FAC0274,932,1852,,2026-07-16 01:00:00,2026-07-16 02:00:00,Emergency,missing_patient_id
1143,,FAC0391,1683,3370,,2026-06-23 19:00:00,2026-06-24 00:00:00,Emergency,missing_patient_id
1146,,FAC1735,380,752,,2026-02-02 22:00:00,2026-02-02 23:00:00,Inpatient,missing_patient_id
1148,1034,FAC9999,1349,2724,,2026-01-24 12:00:00,2026-01-24 15:00:00,Inpatient,invalid_facility_code_not_in_reference
1152,939,FAC1857,757,1501,,2026-02-03 20:00:00,2026-02-06 06:00:00,Follow-up,slo_breach_58.0h_gap
1153,1048,FAC9999,304,609,,2026-01-19 10:00:00,2026-01-19 18:00:00,Emergency,invalid_facility_code_not_in_reference
1159,707,FAC1672,1172,2350,,2026-06-26 10:00:00,2026-06-26 13:00:00,Unknown,invalid_visit_type
1161,153,FAC1051,1446,2913,,2026-06-16 10:00:00,2026-06-16 12:00:00,Unknown,invalid_visit_type
1164,1362,FAC9999,73,145,,2026-05-02 20:00:00,2026-05-03 04:00:00,Emergency,invalid_facility_code_not_in_reference
1171,1352,FAC9999,1344,2713,,2026-04-01 15:00:00,2026-04-01 21:00:00,Outpatient,invalid_facility_code_not_in_reference
1173,1343,FAC0368,257,515,,2026-08-20 04:00:00,2026-08-20 10:00:00,Unknown,invalid_visit_type
1176,141,FAC1914,884,1758,,2026-02-24 19:00:00,2026-02-26 09:00:00,Inpatient,slo_breach_38.0h_gap
1178,490,FAC1424,922,1833,,2026-07-29 04:00:00,2026-08-01 02:00:00,Outpatient,slo_breach_70.0h_gap
1179,,FAC1785,283,565,,2026-06-08 02:00:00,2026-06-08 06:00:00,Outpatient,missing_patient_id
1182,778,FAC0073,1089,2180,,2026-04-16 09:00:00,2026-04-18 08:00:00,Inpatient,slo_breach_47.0h_gap
1183,240,FAC0110,346,689,,2026-01-28 21:00:00,2026-02-01 01:00:00,Inpatient,slo_breach_76.0h_gap
1185,,FAC1209,173,344,,2026-03-01 13:00:00,2026-03-01 21:00:00,Follow-up,missing_patient_id
1188,236,FAC2037,1161,2328,,2026-07-23 15:00:00,2026-07-23 20:00:00,Unknown,invalid_visit_type
1189,62,FAC0031,592,1173,,2026-03-03 23:00:00,2026-03-06 02:00:00,Inpatient,slo_breach_51.0h_gap
1194,773,FAC9999,144,290,742,2026-07-11 06:00:00,2026-07-11 08:00:00,Follow-up,invalid_facility_code_not_in_reference
1196,,FAC0915,172,341,,2026-07-10 01:00:00,2026-07-10 07:00:00,Follow-up,missing_patient_id
1197,,FAC0650,1842,3690,,2026-07-14 18:00:00,2026-07-15 02:00:00,Inpatient,missing_patient_id
1199,,FAC1362,639,1266,,2026-03-13 12:00:00,2026-03-13 20:00:00,Follow-up,missing_patient_id
1201,1414,FAC9999,400,789,,2026-01-16 00:00:00,2026-01-16 12:00:00,Outpatient,invalid_facility_code_not_in_reference
1202,,FAC0561,1388,2795,,2026-05-14 00:00:00,2026-05-14 01:00:00,Follow-up,missing_patient_id
1204,512,FAC9999,363,721,,2026-02-25 09:00:00,2026-02-25 13:00:00,Outpatient,invalid_facility_code_not_in_reference
1205,,FAC0814,1496,3012,,2026-08-16 17:00:00,2026-08-17 05:00:00,Emergency,missing_patient_id
1206,1426,FAC0553,525,1039,,2026-06-09 20:00:00,2026-06-13 18:00:00,Inpatient,slo_breach_94.0h_gap
1209,766,FAC1958,1287,2598,,2026-03-28 23:00:00,2026-03-31 15:00:00,Emergency,slo_breach_64.0h_gap
1211,440,FAC1275,1817,3639,,2026-05-13 05:00:00,2026-05-13 09:00:00,Unknown,invalid_visit_type
1215,523,FAC0734,772,1534,584,2026-04-04 16:00:00,2026-04-06 03:00:00,Follow-up,slo_breach_35.0h_gap
1216,561,FAC1481,788,1564,,2026-04-21 23:00:00,2026-04-22 11:00:00,Unknown,invalid_visit_type
1217,805,FAC0932,181,362,,2026-05-06 02:00:00,2026-05-06 05:00:00,Unknown,invalid_visit_type
1222,1115,FAC0252,324,647,,2026-06-30 09:00:00,2026-06-30 13:00:00,Unknown,invalid_visit_type
1225,183,FAC9999,144,290,,2026-06-05 05:00:00,2026-06-05 13:00:00,Outpatient,invalid_facility_code_not_in_reference
1231,,FAC0309,1470,2959,,2026-01-03 07:00:00,2026-01-03 08:00:00,Outpatient,missing_patient_id
1237,1467,FAC1567,54,114,,2026-05-27 02:00:00,2026-05-29 07:00:00,Emergency,slo_breach_53.0h_gap
1239,,FAC0901,1611,3236,,2026-03-12 16:00:00,2026-03-12 21:00:00,Emergency,missing_patient_id
1240,971,FAC0594,347,691,,2026-01-09 00:00:00,2026-01-12 10:00:00,Inpatient,slo_breach_82.0h_gap
1242,372,FAC1069,562,1110,,2026-04-01 08:00:00,2026-04-01 13:00:00,Unknown,invalid_visit_type
1244,1425,FAC9999,1577,3173,,2026-04-01 13:00:00,2026-04-01 16:00:00,Follow-up,invalid_facility_code_not_in_reference
1254,,FAC2025,1307,2641,,2026-06-10 22:00:00,2026-06-11 02:00:00,Emergency,missing_patient_id
1259,935,FAC1038,1196,2404,,2026-05-01 03:00:00,2026-05-02 17:00:00,Emergency,slo_breach_38.0h_gap
1261,,FAC1993,1812,3629,,2026-08-16 16:00:00,2026-08-16 21:00:00,Outpatient,missing_patient_id
1262,1478,FAC9999,1760,3531,,2026-05-05 23:00:00,2026-05-06 01:00:00,Outpatient,invalid_facility_code_not_in_reference
1265,1181,FAC0638,114,231,,2026-04-03 09:00:00,2026-04-03 12:00:00,Unknown,invalid_visit_type
1266,1003,FAC1678,1647,3305,,2026-07-07 21:00:00,2026-07-11 04:00:00,Emergency,slo_breach_79.0h_gap
1271,,FAC1224,1402,2823,,2026-07-17 17:00:00,2026-07-17 18:00:00,Inpatient,missing_patient_id
1272,340,FAC9999,1410,2840,,2026-05-04 18:00:00,2026-05-04 19:00:00,Follow-up,invalid_facility_code_not_in_reference
1273,832,FAC1713,1248,2511,,2026-07-06 00:00:00,2026-07-06 03:00:00,Unknown,invalid_visit_type
1274,1473,FAC1745,666,1325,,2026-05-21 06:00:00,2026-05-23 22:00:00,Follow-up,slo_breach_64.0h_gap
1275,840,FAC0577,120,244,,2026-04-14 21:00:00,2026-04-16 07:00:00,Inpatient,slo_breach_34.0h_gap
1277,1216,FAC0101,16,37,776,2026-01-06 14:00:00,2026-01-08 05:00:00,Inpatient,slo_breach_39.0h_gap
1278,1066,FAC2007,909,1811,,2026-05-16 20:00:00,2026-05-20 01:00:00,Follow-up,slo_breach_77.0h_gap
1280,,FAC0423,64,131,475,2026-08-04 22:00:00,2026-08-04 23:00:00,Inpatient,missing_patient_id
1281,1034,FAC9999,500,989,,2026-06-02 04:00:00,2026-06-02 12:00:00,Follow-up,invalid_facility_code_not_in_reference
1284,649,FAC9999,737,1461,,2026-02-04 13:00:00,2026-02-05 01:00:00,Follow-up,invalid_facility_code_not_in_reference
1288,272,FAC1161,616,1220,,2026-01-16 05:00:00,2026-01-17 14:00:00,Inpatient,slo_breach_33.0h_gap
1290,524,FAC1030,1245,2506,,2026-02-13 11:00:00,2026-02-17 10:00:00,Inpatient,slo_breach_95.0h_gap
1291,,FAC0382,445,883,,2026-04-29 08:00:00,2026-04-29 09:00:00,Follow-up,missing_patient_id
1292,687,FAC1929,418,828,,2026-04-21 16:00:00,2026-04-25 03:00:00,Inpatient,slo_breach_83.0h_gap
1295,1297,FAC9999,1421,2862,,2026-06-01 00:00:00,2026-06-01 01:00:00,Emergency,invalid_facility_code_not_in_reference
1298,1092,FAC1771,282,564,,2026-06-28 12:00:00,2026-07-02 10:00:00,Inpatient,slo_breach_94.0h_gap
1300,691,FAC0300,343,684,,2026-02-23 03:00:00,2026-02-23 04:00:00,Unknown,invalid_visit_type
1302,1420,FAC1573,1016,2033,,2026-03-21 04:00:00,2026-03-23 10:00:00,Emergency,slo_breach_54.0h_gap
1303,70,FAC0840,1767,3543,,2026-07-10 14:00:00,2026-07-13 05:00:00,Emergency,slo_breach_63.0h_gap
1305,576,FAC1808,995,1991,,2026-04-13 20:00:00,2026-04-16 07:00:00,Inpatient,slo_breach_59.0h_gap
1306,1323,FAC1592,663,1317,,2026-08-17 17:00:00,2026-08-17 18:00:00,Unknown,invalid_visit_type
1312,593,FAC1789,813,1620,,2026-03-24 06:00:00,2026-03-25 20:00:00,Follow-up,slo_breach_38.0h_gap
1313,1327,FAC9999,364,724,,2026-04-20 16:00:00,2026-04-21 12:00:00,Emergency,invalid_facility_code_not_in_reference
1314,,FAC1942,1159,2322,,2026-07-05 04:00:00,2026-07-06 00:00:00,Inpatient,missing_patient_id
1316,1387,FAC2012,1724,3457,,2026-05-13 06:00:00,2026-05-13 10:00:00,Unknown,invalid_visit_type
1320,24,FAC1607,612,1211,,2026-04-22 13:00:00,2026-04-23 09:00:00,Unknown,invalid_visit_type
1323,,FAC1608,1553,3126,,2026-06-23 17:00:00,2026-06-24 01:00:00,Inpatient,missing_patient_id
1324,1146,FAC0671,268,538,,2026-04-02 23:00:00,2026-04-06 19:00:00,Outpatient,slo_breach_92.0h_gap
1327,1387,FAC9999,444,882,,2026-03-17 06:00:00,2026-03-17 14:00:00,Inpatient,invalid_facility_code_not_in_reference
1328,1237,FAC9999,1119,2236,,2026-06-07 10:00:00,2026-06-07 15:00:00,Outpatient,invalid_facility_code_not_in_reference
1334,,FAC1246,1282,2588,,2026-07-08 12:00:00,2026-07-09 00:00:00,Inpatient,missing_patient_id
1335,1443,FAC9999,1348,2722,652,2026-02-17 05:00:00,2026-02-17 09:00:00,Emergency,invalid_facility_code_not_in_reference
1336,1035,FAC9999,1733,3477,,2026-03-10 18:00:00,2026-03-10 22:00:00,Outpatient,invalid_facility_code_not_in_reference
1340,634,FAC0262,775,1541,,2026-08-25 14:00:00,2026-08-26 10:00:00,Unknown,invalid_visit_type
1343,,FAC1344,925,1840,,2026-03-16 22:00:00,2026-03-17 04:00:00,Outpatient,missing_patient_id
1344,,FAC1108,27,59,,2026-07-12 15:00:00,2026-07-12 19:00:00,Emergency,missing_patient_id
1346,438,FAC9999,1482,2984,,2026-03-01 17:00:00,2026-03-02 05:00:00,Outpatient,invalid_facility_code_not_in_reference
1351,541,FAC9999,454,899,,2026-01-12 19:00:00,2026-01-13 03:00:00,Emergency,invalid_facility_code_not_in_reference
1353,,FAC1058,110,220,,2026-01-12 16:00:00,2026-01-13 00:00:00,Emergency,missing_patient_id
1355,476,FAC9999,1446,2913,,2026-03-06 16:00:00,2026-03-07 00:00:00,Emergency,invalid_facility_code_not_in_reference
1358,677,FAC0793,384,759,,2026-04-18 19:00:00,2026-04-19 00:00:00,Unknown,invalid_visit_type
1362,693,FAC0106,1523,3068,,2026-07-13 07:00:00,2026-07-13 15:00:00,Unknown,invalid_visit_type
1363,720,FAC1240,1847,3698,,2026-07-21 13:00:00,2026-07-22 09:00:00,Unknown,invalid_visit_type
1369,64,FAC9999,195,390,,2026-02-17 09:00:00,2026-02-17 15:00:00,Follow-up,invalid_facility_code_not_in_reference
1373,730,FAC0441,1655,3319,,2026-01-31 18:00:00,2026-01-31 20:00:00,Unknown,invalid_visit_type
1375,1353,FAC9999,1488,2996,,2026-01-20 15:00:00,2026-01-20 16:00:00,Outpatient,invalid_facility_code_not_in_reference
1377,1144,FAC0361,1404,2827,,2026-07-20 11:00:00,2026-07-22 12:00:00,Follow-up,slo_breach_49.0h_gap
1379,1211,FAC0911,1816,3637,,2026-02-23 04:00:00,2026-02-25 18:00:00,Inpatient,slo_breach_62.0h_gap
1381,,FAC0866,74,148,,2026-07-31 06:00:00,2026-07-31 18:00:00,Outpatient,missing_patient_id
1388,249,FAC1867,1698,3403,,2026-07-06 04:00:00,2026-07-08 04:00:00,Inpatient,slo_breach_48.0h_gap
1389,122,FAC0240,360,716,,2026-03-25 11:00:00,2026-03-26 07:00:00,Unknown,invalid_visit_type
1390,1476,FAC1241,1093,2185,,2026-01-16 13:00:00,2026-01-16 16:00:00,Unknown,invalid_visit_type
1391,583,FAC1859,213,429,,2026-03-29 19:00:00,2026-03-30 03:00:00,Unknown,invalid_visit_type
1395,251,FAC0171,965,1919,,2026-07-21 08:00:00,2026-07-24 23:00:00,Outpatient,slo_breach_87.0h_gap
1396,523,FAC0394,470,928,,2026-07-23 13:00:00,2026-07-25 12:00:00,Outpatient,slo_breach_47.0h_gap
1399,575,FAC1320,487,963,,2026-08-13 11:00:00,2026-08-13 12:00:00,Unknown,invalid_visit_type
1400,1210,FAC0112,22,49,,2026-07-27 23:00:00,2026-07-28 05:00:00,Unknown,invalid_visit_type
1402,1217,FAC9999,807,1607,,2026-02-26 21:00:00,2026-02-27 17:00:00,Emergency,invalid_facility_code_not_in_reference
1405,,FAC0629,1165,2334,,2026-08-27 20:00:00,2026-08-28 08:00:00,Follow-up,missing_patient_id
1406,,FAC0136,327,654,,2026-06-22 20:00:00,2026-06-23 16:00:00,Emergency,missing_patient_id
1407,,FAC1085,853,1699,296,2026-06-04 02:00:00,2026-06-04 08:00:00,Inpatient,missing_patient_id
1409,1291,FAC1615,979,1954,,2026-02-01 15:00:00,2026-02-04 03:00:00,Follow-up,slo_breach_60.0h_gap
1411,,FAC1918,244,488,,2026-04-10 02:00:00,2026-04-10 04:00:00,Follow-up,missing_patient_id
1412,281,FAC9999,720,1434,572,2026-07-04 17:00:00,2026-07-05 01:00:00,Follow-up,invalid_facility_code_not_in_reference
1413,389,FAC1874,14,34,,2026-06-02 16:00:00,2026-06-03 22:00:00,Emergency,slo_breach_30.0h_gap
1414,820,FAC1203,1517,3056,111,2026-05-04 20:00:00,2026-05-04 21:00:00,Unknown,invalid_visit_type
1415,757,FAC9999,739,1465,,2026-02-10 15:00:00,2026-02-11 03:00:00,Emergency,invalid_facility_code_not_in_reference
1416,324,FAC1973,81,159,,2026-08-18 11:00:00,2026-08-22 01:00:00,Inpatient,slo_breach_86.0h_gap
1417,178,FAC1735,380,751,,2026-08-29 04:00:00,2026-08-29 10:00:00,Unknown,invalid_visit_type
1418,368,FAC9999,501,993,,2026-03-29 04:00:00,2026-03-29 10:00:00,Follow-up,invalid_facility_code_not_in_reference
1420,800,FAC0737,1125,2248,,2026-04-26 05:00:00,2026-04-30 02:00:00,Emergency,slo_breach_93.0h_gap
1422,1500,FAC9999,1714,3434,,2026-03-26 06:00:00,2026-03-26 08:00:00,Inpatient,invalid_facility_code_not_in_reference
1423,244,FAC1419,1345,2716,,2026-03-11 11:00:00,2026-03-15 03:00:00,Outpatient,slo_breach_88.0h_gap
1424,,FAC1601,608,1202,,2026-02-28 09:00:00,2026-02-28 12:00:00,Inpatient,missing_patient_id
1425,260,FAC1771,282,564,,2026-07-03 22:00:00,2026-07-05 19:00:00,Outpatient,slo_breach_45.0h_gap
1427,464,FAC0554,1679,3361,,2026-01-28 08:00:00,2026-02-01 06:00:00,Emergency,slo_breach_94.0h_gap
1429,,FAC0786,1279,2582,,2026-08-13 15:00:00,2026-08-14 11:00:00,Inpatient,missing_patient_id
1430,623,FAC2031,1293,2613,,2026-07-13 04:00:00,2026-07-13 06:00:00,Unknown,invalid_visit_type
1431,,FAC1288,802,1594,,2026-02-28 02:00:00,2026-02-28 06:00:00,Follow-up,missing_patient_id
1432,1159,FAC1271,1169,2343,,2026-08-19 23:00:00,2026-08-20 19:00:00,Unknown,invalid_visit_type
1434,637,FAC1289,1624,3262,,2026-04-15 11:00:00,2026-04-15 23:00:00,Unknown,invalid_visit_type
1435,,FAC1129,1522,3066,,2026-03-27 11:00:00,2026-03-28 07:00:00,Follow-up,missing_patient_id
1436,579,FAC0788,846,1687,149,2026-08-11 11:00:00,2026-08-11 14:00:00,Unknown,invalid_visit_type
1437,1439,FAC1518,392,776,,2026-05-09 16:00:00,2026-05-10 12:00:00,Unknown,invalid_visit_type
1438,1012,FAC0240,360,716,,2026-02-08 10:00:00,2026-02-12 08:00:00,Emergency,slo_breach_94.0h_gap
1443,,FAC1906,294,587,,2026-04-23 12:00:00,2026-04-24 00:00:00,Follow-up,missing_patient_id
1445,658,FAC0430,554,1098,,2026-06-28 16:00:00,2026-06-29 04:00:00,Unknown,invalid_visit_type
1446,1363,FAC0810,1354,2734,,2026-01-15 20:00:00,2026-01-17 14:00:00,Emergency,slo_breach_42.0h_gap
1450,169,FAC0458,1332,2691,,2026-07-22 08:00:00,2026-07-26 02:00:00,Outpatient,slo_breach_90.0h_gap
1452,587,FAC0410,1742,3496,,2026-02-06 18:00:00,2026-02-07 02:00:00,Unknown,invalid_visit_type
1453,1450,FAC0186,652,1292,,2026-03-21 08:00:00,2026-03-21 12:00:00,Unknown,invalid_visit_type
1454,1219,FAC0583,132,267,,2026-08-06 15:00:00,2026-08-09 12:00:00,Outpatient,slo_breach_69.0h_gap
1455,743,FAC9999,1281,2587,,2026-02-28 07:00:00,2026-02-28 12:00:00,Follow-up,invalid_facility_code_not_in_reference
1461,1173,FAC0870,682,1360,,2026-02-09 15:00:00,2026-02-12 16:00:00,Inpatient,slo_breach_73.0h_gap
1465,,FAC0291,1753,3515,,2026-03-16 14:00:00,2026-03-16 18:00:00,Outpatient,missing_patient_id
1469,789,FAC9999,754,1498,,2026-08-09 11:00:00,2026-08-09 19:00:00,Outpatient,invalid_facility_code_not_in_reference
1472,1190,FAC0221,227,456,,2026-08-08 16:00:00,2026-08-11 14:00:00,Inpatient,slo_breach_70.0h_gap
1474,1451,FAC0353,485,960,,2026-06-03 06:00:00,2026-06-07 02:00:00,Outpatient,slo_breach_92.0h_gap
1476,76,FAC9999,1244,2503,,2026-04-13 21:00:00,2026-04-14 05:00:00,Outpatient,invalid_facility_code_not_in_reference
1477,560,FAC1327,1677,3358,,2026-04-01 07:00:00,2026-04-01 09:00:00,Unknown,invalid_visit_type
1479,,FAC0611,968,1929,,2026-05-29 17:00:00,2026-05-29 19:00:00,Outpatient,missing_patient_id
1480,,FAC0329,1823,3653,,2026-03-21 13:00:00,2026-03-21 19:00:00,Outpatient,missing_patient_id
1481,536,FAC9999,287,573,,2026-01-31 00:00:00,2026-01-31 08:00:00,Inpatient,invalid_facility_code_not_in_reference
1482,1142,FAC1269,873,1740,,2026-01-23 15:00:00,2026-01-23 16:00:00,Unknown,invalid_visit_type
1485,,FAC0781,1091,2182,,2026-07-08 17:00:00,2026-07-08 23:00:00,Emergency,missing_patient_id
1487,840,FAC0322,383,758,,2026-08-21 22:00:00,2026-08-22 06:00:00,Unknown,invalid_visit_type
1498,321,FAC2037,1162,2330,,2026-03-08 18:00:00,2026-03-08 19:00:00,Unknown,invalid_visit_type
1500,943,FAC1468,1548,3116,,2026-03-21 20:00:00,2026-03-21 22:00:00,Unknown,invalid_visit_type
1508,,FAC1622,292,582,,2026-01-02 03:00:00,2026-01-02 05:00:00,Emergency,missing_patient_id
1512,,FAC0469,1409,2838,,2026-08-26 16:00:00,2026-08-26 22:00:00,Follow-up,missing_patient_id
1513,,FAC1682,370,736,,2026-04-07 15:00:00,2026-04-07 20:00:00,Inpatient,missing_patient_id
1514,1428,FAC0376,1792,3587,,2026-08-07 13:00:00,2026-08-11 02:00:00,Emergency,slo_breach_85.0h_gap
1515,1017,FAC1899,1668,3345,,2026-02-13 12:00:00,2026-02-13 16:00:00,Unknown,invalid_visit_type
1518,1268,FAC9999,718,1430,,2026-07-29 18:00:00,2026-07-29 23:00:00,Follow-up,invalid_facility_code_not_in_reference
1522,,FAC0737,1125,2248,,2026-05-24 23:00:00,2026-05-25 04:00:00,Follow-up,missing_patient_id
1523,465,FAC1445,580,1150,,2026-06-09 08:00:00,2026-06-09 14:00:00,Unknown,invalid_visit_type
1527,,FAC1088,1349,2724,,2026-03-05 13:00:00,2026-03-05 21:00:00,Emergency,missing_patient_id
1534,875,FAC9999,1217,2447,,2026-06-27 12:00:00,2026-06-27 20:00:00,Outpatient,invalid_facility_code_not_in_reference
1537,301,FAC0406,1114,2226,,2026-07-01 18:00:00,2026-07-01 23:00:00,Unknown,invalid_visit_type
1538,182,FAC1421,99,197,,2026-02-15 20:00:00,2026-02-18 07:00:00,Follow-up,slo_breach_59.0h_gap
1540,613,FAC9999,733,1455,,2026-03-09 18:00:00,2026-03-10 06:00:00,Follow-up,invalid_facility_code_not_in_reference
1541,1299,FAC0756,1062,2124,,2026-02-21 16:00:00,2026-02-21 20:00:00,Unknown,invalid_visit_type
1546,381,FAC1299,56,119,,2026-01-08 23:00:00,2026-01-12 12:00:00,Follow-up,slo_breach_85.0h_gap
1548,328,FAC9999,1777,3564,,2026-02-16 07:00:00,2026-02-16 15:00:00,Outpatient,invalid_facility_code_not_in_reference
1552,843,FAC0416,931,1850,,2026-04-25 00:00:00,2026-04-25 06:00:00,Unknown,invalid_visit_type
1553,1186,FAC9999,912,1815,,2026-07-14 01:00:00,2026-07-14 09:00:00,Emergency,invalid_facility_code_not_in_reference
1557,,FAC1984,472,931,,2026-04-29 06:00:00,2026-04-29 14:00:00,Emergency,missing_patient_id
1560,,FAC0594,347,691,,2026-05-22 16:00:00,2026-05-22 20:00:00,Follow-up,missing_patient_id
1561,525,FAC1343,1506,3033,,2026-07-09 02:00:00,2026-07-09 10:00:00,Unknown,invalid_visit_type
1562,,FAC0701,1393,2805,,2026-07-11 19:00:00,2026-07-12 15:00:00,Emergency,missing_patient_id
1563,535,FAC9999,1787,3581,,2026-08-16 01:00:00,2026-08-16 21:00:00,Emergency,invalid_facility_code_not_in_reference
1564,,FAC0140,1881,3764,,2026-01-07 06:00:00,2026-01-07 09:00:00,Outpatient,missing_patient_id
1565,1283,FAC0789,864,1721,,2026-04-22 00:00:00,2026-04-23 22:00:00,Inpatient,slo_breach_46.0h_gap
1566,1269,FAC0366,792,1570,,2026-07-19 01:00:00,2026-07-22 14:00:00,Emergency,slo_breach_85.0h_gap
1567,424,FAC1906,294,586,,2026-01-10 04:00:00,2026-01-10 12:00:00,Unknown,invalid_visit_type
1568,449,FAC0240,360,716,,2026-06-03 05:00:00,2026-06-05 02:00:00,Emergency,slo_breach_45.0h_gap
1582,,FAC0333,818,1633,,2026-05-31 11:00:00,2026-05-31 13:00:00,Emergency,missing_patient_id
1583,,FAC0753,341,680,,2026-06-15 14:00:00,2026-06-15 22:00:00,Outpatient,missing_patient_id
1585,867,FAC1133,1081,2163,,2026-07-06 19:00:00,2026-07-08 18:00:00,Emergency,slo_breach_47.0h_gap
1586,,FAC1533,486,961,,2026-04-10 03:00:00,2026-04-10 09:00:00,Outpatient,missing_patient_id
1587,,FAC0141,1545,3108,,2026-05-12 17:00:00,2026-05-12 22:00:00,Outpatient,missing_patient_id
1588,1461,FAC1783,1672,3351,,2026-07-08 00:00:00,2026-07-08 20:00:00,Unknown,invalid_visit_type
1592,1047,FAC9999,949,1884,,2026-08-08 01:00:00,2026-08-08 21:00:00,Inpatient,invalid_facility_code_not_in_reference
1594,926,FAC1469,1436,2896,,2026-05-08 15:00:00,2026-05-08 20:00:00,Unknown,invalid_visit_type
1596,1054,FAC0487,399,787,,2026-02-07 09:00:00,2026-02-07 13:00:00,Unknown,invalid_visit_type
1600,,FAC1264,816,1628,,2026-02-20 21:00:00,2026-02-21 03:00:00,Follow-up,missing_patient_id
1601,1001,FAC1737,1237,2487,,2026-02-09 10:00:00,2026-02-12 18:00:00,Inpatient,slo_breach_80.0h_gap
1604,318,FAC1054,233,468,385,2026-02-09 15:00:00,2026-02-11 17:00:00,Follow-up,slo_breach_50.0h_gap
1607,1305,FAC0818,928,1845,,2026-01-15 10:00:00,2026-01-19 08:00:00,Emergency,slo_breach_94.0h_gap
1608,,FAC1628,622,1230,,2026-07-22 09:00:00,2026-07-22 15:00:00,Emergency,missing_patient_id
1611,850,FAC9999,1310,2645,,2026-05-11 01:00:00,2026-05-11 21:00:00,Emergency,invalid_facility_code_not_in_reference
1619,1131,FAC9999,1477,2972,,2026-06-02 02:00:00,2026-06-02 04:00:00,Outpatient,invalid_facility_code_not_in_reference
1620,,FAC0124,689,1378,,2026-01-12 05:00:00,2026-01-12 13:00:00,Emergency,missing_patient_id
1621,,FAC0747,88,174,,2026-07-01 06:00:00,2026-07-01 10:00:00,Inpatient,missing_patient_id
1622,1169,FAC1234,1775,3560,,2026-03-04 15:00:00,2026-03-06 20:00:00,Inpatient,slo_breach_53.0h_gap
1623,5,FAC9999,1717,3442,,2026-06-21 07:00:00,2026-06-22 03:00:00,Follow-up,invalid_facility_code_not_in_reference
1624,348,FAC0171,965,1919,,2026-01-17 17:00:00,2026-01-19 14:00:00,Inpatient,slo_breach_45.0h_gap
1626,845,FAC9999,1405,2830,,2026-04-21 12:00:00,2026-04-21 16:00:00,Emergency,invalid_facility_code_not_in_reference
1630,62,FAC9999,503,996,,2026-04-29 20:00:00,2026-04-30 16:00:00,Inpatient,invalid_facility_code_not_in_reference
1631,1402,FAC1795,1433,2887,,2026-07-14 15:00:00,2026-07-14 23:00:00,Unknown,invalid_visit_type
1632,906,FAC0592,440,873,,2026-07-20 20:00:00,2026-07-23 17:00:00,Outpatient,slo_breach_69.0h_gap
1636,1166,FAC0259,1852,3709,,2026-06-30 10:00:00,2026-07-03 12:00:00,Outpatient,slo_breach_74.0h_gap
1637,670,FAC0799,1521,3065,,2026-07-26 13:00:00,2026-07-30 02:00:00,Emergency,slo_breach_85.0h_gap
1638,296,FAC1903,1231,2475,,2026-06-07 08:00:00,2026-06-10 17:00:00,Inpatient,slo_breach_81.0h_gap
1639,776,FAC9999,1175,2360,,2026-07-14 00:00:00,2026-07-14 20:00:00,Follow-up,invalid_facility_code_not_in_reference
1644,426,FAC9999,873,1740,,2026-05-05 22:00:00,2026-05-06 18:00:00,Emergency,invalid_facility_code_not_in_reference
1645,793,FAC1421,99,197,,2026-07-02 02:00:00,2026-07-02 06:00:00,Unknown,invalid_visit_type
1646,617,FAC0620,916,1823,,2026-05-07 16:00:00,2026-05-07 20:00:00,Unknown,invalid_visit_type
1648,921,FAC0085,1267,2558,,2026-04-13 20:00:00,2026-04-14 02:00:00,Unknown,invalid_visit_type
1649,,FAC0414,938,1864,,2026-06-23 00:00:00,2026-06-23 01:00:00,Emergency,missing_patient_id
1656,205,FAC0644,1340,2705,,2026-02-05 01:00:00,2026-02-05 05:00:00,Unknown,invalid_visit_type
1658,1347,FAC9999,1258,2537,,2026-07-25 10:00:00,2026-07-25 18:00:00,Emergency,invalid_facility_code_not_in_reference
1660,1113,FAC9999,90,178,,2026-06-10 08:00:00,2026-06-10 12:00:00,Inpatient,invalid_facility_code_not_in_reference
1662,1455,FAC0716,770,1529,,2026-02-17 15:00:00,2026-02-21 09:00:00,Emergency,slo_breach_90.0h_gap
1665,745,FAC1090,67,135,,2026-02-02 19:00:00,2026-02-02 21:00:00,Unknown,invalid_visit_type
1668,370,FAC9999,1315,2658,,2026-06-07 19:00:00,2026-06-08 03:00:00,Outpatient,invalid_facility_code_not_in_reference
1670,640,FAC1973,80,157,,2026-06-10 15:00:00,2026-06-11 03:00:00,Unknown,invalid_visit_type
1672,287,FAC1493,1695,3397,,2026-04-13 17:00:00,2026-04-17 13:00:00,Emergency,slo_breach_92.0h_gap
1673,412,FAC9999,629,1247,,2026-01-29 09:00:00,2026-01-29 21:00:00,Inpatient,invalid_facility_code_not_in_reference
1676,,FAC1836,799,1588,,2026-04-12 01:00:00,2026-04-12 04:00:00,Inpatient,missing_patient_id
1677,823,FAC0621,371,737,,2026-08-20 13:00:00,2026-08-22 04:00:00,Emergency,slo_breach_39.0h_gap
1679,,FAC0835,600,1186,,2026-02-08 13:00:00,2026-02-09 01:00:00,Inpatient,missing_patient_id
1680,,FAC1744,1688,3380,,2026-03-03 12:00:00,2026-03-04 00:00:00,Outpatient,missing_patient_id
1683,873,FAC0866,74,146,,2026-01-01 10:00:00,2026-01-01 22:00:00,Unknown,invalid_visit_type
1684,146,FAC1418,1442,2906,,2026-01-22 22:00:00,2026-01-26 12:00:00,Outpatient,slo_breach_86.0h_gap
1686,,FAC0168,1835,3676,,2026-07-24 06:00:00,2026-07-24 10:00:00,Inpatient,missing_patient_id
1689,115,FAC9999,884,1760,,2026-05-29 09:00:00,2026-05-29 13:00:00,Inpatient,invalid_facility_code_not_in_reference
1692,1402,FAC0837,1180,2369,,2026-07-09 03:00:00,2026-07-09 04:00:00,Unknown,invalid_visit_type
1695,1243,FAC0197,91,180,,2026-02-18 09:00:00,2026-02-21 23:00:00,Emergency,slo_breach_86.0h_gap
1701,126,FAC9999,824,1644,,2026-07-29 05:00:00,2026-07-29 11:00:00,Inpatient,invalid_facility_code_not_in_reference
1707,,FAC0579,1686,3377,,2026-07-18 12:00:00,2026-07-19 08:00:00,Inpatient,missing_patient_id
1709,1319,FAC9999,527,1044,,2026-01-08 16:00:00,2026-01-08 21:00:00,Emergency,invalid_facility_code_not_in_reference
1710,790,FAC9999,78,155,,2026-06-30 22:00:00,2026-07-01 03:00:00,Emergency,invalid_facility_code_not_in_reference
1713,535,FAC9999,1085,2171,,2026-02-16 00:00:00,2026-02-16 12:00:00,Emergency,invalid_facility_code_not_in_reference
1717,,FAC0044,1055,2111,,2026-08-09 00:00:00,2026-08-09 02:00:00,Outpatient,missing_patient_id
1720,958,FAC1903,1230,2474,,2026-01-13 06:00:00,2026-01-16 13:00:00,Follow-up,slo_breach_79.0h_gap
1725,206,FAC1845,1664,3337,,2026-05-25 10:00:00,2026-05-25 18:00:00,Unknown,invalid_visit_type
1726,889,FAC0615,563,1111,,2026-05-06 14:00:00,2026-05-06 18:00:00,Unknown,invalid_visit_type
1729,,FAC0508,749,1487,,2026-08-02 18:00:00,2026-08-03 06:00:00,Emergency,missing_patient_id
1730,,FAC0429,1366,2759,,2026-06-06 05:00:00,2026-06-06 11:00:00,Outpatient,missing_patient_id
1732,1480,FAC9999,1662,3332,,2026-04-17 20:00:00,2026-04-18 08:00:00,Inpatient,invalid_facility_code_not_in_reference
1740,1199,FAC0911,1816,3638,,2026-02-18 06:00:00,2026-02-18 12:00:00,Unknown,invalid_visit_type
1741,77,FAC0330,1274,2571,,2026-06-10 02:00:00,2026-06-10 06:00:00,Unknown,invalid_visit_type
1743,,FAC0527,959,1908,125,2026-05-03 11:00:00,2026-05-03 15:00:00,Inpatient,missing_patient_id
1745,1226,FAC9999,257,516,,2026-03-12 17:00:00,2026-03-13 05:00:00,Emergency,invalid_facility_code_not_in_reference
1746,1033,FAC0377,896,1781,,2026-01-30 05:00:00,2026-01-31 01:00:00,Unknown,invalid_visit_type
1749,453,FAC0073,1089,2180,,2026-04-23 20:00:00,2026-04-26 15:00:00,Follow-up,slo_breach_67.0h_gap
1752,,FAC1593,1356,2739,,2026-04-28 09:00:00,2026-04-28 13:00:00,Outpatient,missing_patient_id
1754,,FAC1735,380,752,,2026-05-09 22:00:00,2026-05-10 00:00:00,Outpatient,missing_patient_id
1756,,FAC2039,293,583,,2026-03-11 16:00:00,2026-03-11 17:00:00,Inpatient,missing_patient_id
1757,1212,FAC1034,709,1416,,2026-08-07 11:00:00,2026-08-07 23:00:00,Unknown,invalid_visit_type
1759,,FAC1191,368,732,,2026-04-15 17:00:00,2026-04-16 01:00:00,Follow-up,missing_patient_id
1761,1173,FAC0887,748,1484,,2026-02-28 18:00:00,2026-03-02 03:00:00,Emergency,slo_breach_33.0h_gap
1766,1275,FAC0558,1145,2293,,2026-01-30 06:00:00,2026-02-01 21:00:00,Inpatient,slo_breach_63.0h_gap
1767,919,FAC0124,689,1379,,2026-02-23 16:00:00,2026-02-26 23:00:00,Outpatient,slo_breach_79.0h_gap
1769,939,FAC9999,552,1095,,2026-04-12 01:00:00,2026-04-12 03:00:00,Follow-up,invalid_facility_code_not_in_reference
1771,663,FAC1437,1715,3437,,2026-04-17 05:00:00,2026-04-20 22:00:00,Inpatient,slo_breach_89.0h_gap
1774,1004,FAC1538,6,14,,2026-07-12 14:00:00,2026-07-12 18:00:00,Unknown,invalid_visit_type
1780,350,FAC0306,1,2,,2026-03-16 20:00:00,2026-03-18 12:00:00,Follow-up,slo_breach_40.0h_gap
1783,,FAC0026,495,975,,2026-02-25 21:00:00,2026-02-26 01:00:00,Follow-up,missing_patient_id
1785,,FAC0902,1850,3705,,2026-03-26 13:00:00,2026-03-26 19:00:00,Outpatient,missing_patient_id
1788,623,FAC1462,1378,2780,,2026-02-15 05:00:00,2026-02-18 19:00:00,Outpatient,slo_breach_86.0h_gap
1789,,FAC1780,1209,2428,,2026-06-16 09:00:00,2026-06-16 12:00:00,Emergency,missing_patient_id
1790,,FAC1335,940,1868,,2026-01-29 09:00:00,2026-01-29 10:00:00,Outpatient,missing_patient_id
1792,,FAC1241,1093,2185,,2026-08-07 05:00:00,2026-08-07 13:00:00,Emergency,missing_patient_id
1794,619,FAC1408,843,1681,,2026-02-08 01:00:00,2026-02-11 19:00:00,Emergency,slo_breach_90.0h_gap
1796,746,FAC9999,753,1494,,2026-03-18 17:00:00,2026-03-18 19:00:00,Inpatient,invalid_facility_code_not_in_reference
1804,1488,FAC9999,279,557,,2026-08-24 08:00:00,2026-08-24 16:00:00,Inpatient,invalid_facility_code_not_in_reference
1805,805,FAC1575,1778,3565,,2026-08-02 02:00:00,2026-08-02 06:00:00,Unknown,invalid_visit_type
1806,286,FAC9999,20,44,,2026-03-05 08:00:00,2026-03-05 11:00:00,Inpatient,invalid_facility_code_not_in_reference
1810,1105,FAC9999,98,196,,2026-08-13 15:00:00,2026-08-14 03:00:00,Inpatient,invalid_facility_code_not_in_reference
1811,,FAC0415,142,285,,2026-06-16 10:00:00,2026-06-16 13:00:00,Emergency,missing_patient_id
1814,947,FAC1650,521,1031,,2026-03-30 08:00:00,2026-04-03 07:00:00,Follow-up,slo_breach_95.0h_gap
1815,593,FAC9999,641,1271,,2026-04-22 23:00:00,2026-04-23 19:00:00,Inpatient,invalid_facility_code_not_in_reference
1816,365,FAC9999,1113,2224,,2026-08-05 13:00:00,2026-08-05 17:00:00,Emergency,invalid_facility_code_not_in_reference
1820,370,FAC0033,501,992,,2026-08-13 07:00:00,2026-08-13 13:00:00,Unknown,invalid_visit_type
1822,166,FAC9999,135,273,,2026-04-20 21:00:00,2026-04-21 00:00:00,Outpatient,invalid_facility_code_not_in_reference
1823,392,FAC0059,1223,2459,,2026-03-05 09:00:00,2026-03-05 21:00:00,Unknown,invalid_visit_type
1826,579,FAC0756,1062,2124,,2026-05-28 19:00:00,2026-05-29 03:00:00,Unknown,invalid_visit_type
1831,402,FAC9999,186,374,,2026-07-01 01:00:00,2026-07-01 07:00:00,Outpatient,invalid_facility_code_not_in_reference
1832,,FAC1902,651,1291,,2026-05-29 13:00:00,2026-05-29 17:00:00,Emergency,missing_patient_id
1835,729,FAC9999,751,1490,,2026-06-04 00:00:00,2026-06-04 06:00:00,Outpatient,invalid_facility_code_not_in_reference
1836,,FAC0257,467,923,562,2026-03-02 15:00:00,2026-03-02 18:00:00,Inpatient,missing_patient_id
1837,535,FAC1711,436,864,,2026-04-18 22:00:00,2026-04-21 05:00:00,Follow-up,slo_breach_55.0h_gap
1841,630,FAC1345,1783,3574,,2026-04-24 23:00:00,2026-04-26 15:00:00,Inpatient,slo_breach_40.0h_gap
1842,246,FAC1800,1805,3613,,2026-08-20 05:00:00,2026-08-23 07:00:00,Emergency,slo_breach_74.0h_gap
1843,1191,FAC0459,1788,3582,,2026-03-04 15:00:00,2026-03-06 14:00:00,Outpatient,slo_breach_47.0h_gap
1845,34,FAC9999,1697,3401,,2026-05-09 12:00:00,2026-05-09 15:00:00,Inpatient,invalid_facility_code_not_in_reference
1849,,FAC1918,244,487,,2026-02-09 09:00:00,2026-02-09 11:00:00,Emergency,missing_patient_id
1852,,FAC0584,993,1987,,2026-02-17 02:00:00,2026-02-17 07:00:00,Follow-up,missing_patient_id
1853,23,FAC1289,1623,3259,,2026-06-20 04:00:00,2026-06-23 09:00:00,Emergency,slo_breach_77.0h_gap
1856,740,FAC0734,772,1534,,2026-08-11 01:00:00,2026-08-11 02:00:00,Unknown,invalid_visit_type
1863,1135,FAC0644,1340,2706,,2026-05-06 13:00:00,2026-05-08 00:00:00,Follow-up,slo_breach_35.0h_gap
1864,760,FAC9999,1732,3475,,2026-02-25 16:00:00,2026-02-26 04:00:00,Follow-up,invalid_facility_code_not_in_reference
1869,,FAC0291,1753,3515,,2026-06-15 23:00:00,2026-06-16 11:00:00,Inpatient,missing_patient_id
1884,,FAC0237,1210,2430,,2026-02-04 03:00:00,2026-02-04 04:00:00,Outpatient,missing_patient_id
1886,140,FAC1488,924,1838,,2026-07-20 05:00:00,2026-07-20 10:00:00,Unknown,invalid_visit_type
1897,,FAC1348,1202,2412,,2026-07-24 07:00:00,2026-07-25 03:00:00,Outpatient,missing_patient_id
1902,172,FAC9999,457,903,311,2026-03-09 11:00:00,2026-03-09 19:00:00,Emergency,invalid_facility_code_not_in_reference
1904,166,FAC0406,1114,2227,,2026-01-15 00:00:00,2026-01-15 04:00:00,Unknown,invalid_visit_type
1905,943,FAC9999,445,883,,2026-02-20 23:00:00,2026-02-21 02:00:00,Emergency,invalid_facility_code_not_in_reference
1910,210,FAC0545,911,1813,,2026-07-08 12:00:00,2026-07-08 16:00:00,Unknown,invalid_visit_type
1911,,FAC0313,1463,2945,,2026-08-12 04:00:00,2026-08-12 07:00:00,Outpatient,missing_patient_id
1916,291,FAC0032,1372,2769,,2026-07-22 22:00:00,2026-07-23 00:00:00,Unknown,invalid_visit_type
1917,675,FAC9999,1597,3209,,2026-02-23 14:00:00,2026-02-23 20:00:00,Inpatient,invalid_facility_code_not_in_reference
1920,393,FAC9999,335,668,,2026-02-19 11:00:00,2026-02-20 07:00:00,Emergency,invalid_facility_code_not_in_reference
1922,1321,FAC0411,1652,3312,,2026-05-11 16:00:00,2026-05-14 10:00:00,Emergency,slo_breach_66.0h_gap
1925,604,FAC9999,483,954,,2026-04-02 05:00:00,2026-04-02 10:00:00,Follow-up,invalid_facility_code_not_in_reference
1928,,FAC1330,1514,3050,,2026-04-22 00:00:00,2026-04-22 08:00:00,Inpatient,missing_patient_id
1929,610,FAC9999,728,1450,,2026-04-22 04:00:00,2026-04-22 16:00:00,Emergency,invalid_facility_code_not_in_reference
1931,1152,FAC1943,1467,2953,,2026-08-20 20:00:00,2026-08-23 21:00:00,Follow-up,slo_breach_73.0h_gap
1933,,FAC1260,43,91,,2026-08-09 11:00:00,2026-08-09 16:00:00,Emergency,missing_patient_id
1936,64,FAC9999,874,1741,,2026-05-25 04:00:00,2026-05-25 12:00:00,Inpatient,invalid_facility_code_not_in_reference
1937,1369,FAC1745,667,1328,,2026-06-30 15:00:00,2026-06-30 20:00:00,Unknown,invalid_visit_type
1939,121,FAC1281,692,1384,,2026-07-31 07:00:00,2026-07-31 12:00:00,Unknown,invalid_visit_type
1940,1300,FAC9999,1265,2552,,2026-05-11 16:00:00,2026-05-11 21:00:00,Emergency,invalid_facility_code_not_in_reference
1942,498,FAC9999,1287,2598,,2026-01-24 15:00:00,2026-01-24 20:00:00,Follow-up,invalid_facility_code_not_in_reference
1943,538,FAC0019,1358,2742,,2026-08-26 09:00:00,2026-08-26 15:00:00,Unknown,invalid_visit_type
1945,396,FAC1593,1356,2738,,2026-05-07 22:00:00,2026-05-11 09:00:00,Inpatient,slo_breach_83.0h_gap
1946,1494,FAC1658,820,1637,,2026-05-16 07:00:00,2026-05-16 10:00:00,Unknown,invalid_visit_type
1953,1472,FAC1062,989,1979,,2026-02-11 01:00:00,2026-02-13 22:00:00,Emergency,slo_breach_69.0h_gap
1955,861,FAC1527,827,1650,,2026-05-04 08:00:00,2026-05-04 11:00:00,Unknown,invalid_visit_type
1956,,FAC1672,1172,2352,,2026-06-28 08:00:00,2026-06-28 12:00:00,Inpatient,missing_patient_id
1957,1309,FAC1342,1537,3092,,2026-02-19 23:00:00,2026-02-20 02:00:00,Unknown,invalid_visit_type
1966,1276,FAC1770,887,1765,,2026-08-04 07:00:00,2026-08-08 06:00:00,Follow-up,slo_breach_95.0h_gap
1967,467,FAC0844,1594,3203,,2026-02-03 19:00:00,2026-02-04 07:00:00,Unknown,invalid_visit_type
1969,328,FAC1450,94,187,,2026-06-26 14:00:00,2026-06-29 19:00:00,Outpatient,slo_breach_77.0h_gap
1973,503,FAC0343,330,660,,2026-06-14 22:00:00,2026-06-17 22:00:00,Follow-up,slo_breach_72.0h_gap
1977,403,FAC0809,306,611,,2026-07-29 17:00:00,2026-07-31 04:00:00,Outpatient,slo_breach_35.0h_gap
1980,453,FAC0137,1786,3578,,2026-01-13 14:00:00,2026-01-14 10:00:00,Unknown,invalid_visit_type
1982,,FAC1680,631,1251,,2026-03-28 00:00:00,2026-03-28 06:00:00,Outpatient,missing_patient_id
1983,687,FAC0544,559,1105,,2026-03-17 19:00:00,2026-03-18 07:00:00,Unknown,invalid_visit_type
1986,256,FAC0016,1010,2021,,2026-07-16 22:00:00,2026-07-17 01:00:00,Unknown,invalid_visit_type
1988,1411,FAC0950,1280,2583,,2026-08-21 12:00:00,2026-08-23 13:00:00,Outpatient,slo_breach_49.0h_gap
1991,69,FAC9999,475,937,,2026-05-23 21:00:00,2026-05-24 17:00:00,Follow-up,invalid_facility_code_not_in_reference
1992,1047,FAC0102,1059,2119,,2026-08-02 22:00:00,2026-08-03 04:00:00,Unknown,invalid_visit_type
1994,,FAC1911,1214,2439,,2026-06-14 04:00:00,2026-06-14 12:00:00,Emergency,missing_patient_id
1995,188,FAC1511,1793,3589,,2026-04-25 19:00:00,2026-04-25 23:00:00,Unknown,invalid_visit_type
1996,1252,FAC1193,1005,2010,,2026-02-25 14:00:00,2026-02-28 16:00:00,Outpatient,slo_breach_74.0h_gap
1999,530,FAC1532,1748,3506,,2026-08-28 14:00:00,2026-08-30 19:00:00,Outpatient,slo_breach_53.0h_gap
2000,902,FAC0026,495,977,,2026-03-16 01:00:00,2026-03-19 07:00:00,Inpatient,slo_breach_78.0h_gap
